year_month,monthly_count,monthly_avg_mag,monthly_max_mag,date,count_lag_1,avg_mag_lag_1,max_mag_lag_1,count_lag_3,avg_mag_lag_3,max_mag_lag_3,count_lag_6,avg_mag_lag_6,max_mag_lag_6,count_roll_3,avg_mag_roll_3,max_mag_roll_3,count_roll_6,avg_mag_roll_6,max_mag_roll_6,month,month_sin,month_cos,next_month_count,next_month_max_mag
1972-10,1,5.2,5.2,1972-10-01,1.0,5.15,5.15,9.0,5.402222222222223,5.96,2.0,5.71,6.3,1.0,5.173333333333333,5.173333333333333,2.8333333333333335,5.299537037037037,5.484999999999999,10,-0.8660254037844386,0.5000000000000001,1.0,4.7
1973-04,1,4.7,4.7,1973-04-01,1.0,5.2,5.2,1.0,5.17,5.17,1.0,5.19,5.19,1.0,5.016666666666667,5.016666666666667,2.8333333333333335,5.217870370370371,5.403333333333333,4,0.8660254037844387,-0.4999999999999998,1.0,4.7
1973-09,1,4.7,4.7,1973-09-01,1.0,4.7,4.7,1.0,5.15,5.15,4.0,5.6850000000000005,6.24,1.0,4.866666666666667,4.866666666666666,2.3333333333333335,5.053703703703704,5.146666666666667,9,-1.0,-1.8369701987210297e-16,1.0,4.6
1973-10,1,4.6,4.6,1973-10-01,1.0,4.7,4.7,1.0,5.2,5.2,9.0,5.402222222222223,5.96,1.0,4.666666666666667,4.666666666666667,1.0,4.920000000000001,4.92,10,-0.8660254037844386,0.5000000000000001,1.0,5.5
1974-01,1,5.5,5.5,1974-01-01,1.0,4.6,4.6,1.0,4.7,4.7,1.0,5.17,5.17,1.0,4.933333333333334,4.933333333333334,1.0,4.9750000000000005,4.9750000000000005,1,0.49999999999999994,0.8660254037844387,1.0,4.3
1974-03,1,4.3,4.3,1974-03-01,1.0,5.5,5.5,1.0,4.7,4.7,1.0,5.15,5.15,1.0,4.8,4.8,1.0,4.833333333333333,4.833333333333333,3,1.0,6.123233995736766e-17,1.0,5.0
1974-07,1,5.0,5.0,1974-07-01,1.0,4.3,4.3,1.0,4.6,4.6,1.0,5.2,5.2,1.0,4.933333333333334,4.933333333333334,1.0,4.8,4.8,7,-0.4999999999999997,-0.8660254037844388,1.0,5.2
1975-02,1,5.2,5.2,1975-02-01,1.0,5.0,5.0,1.0,5.5,5.5,1.0,4.7,4.7,1.0,4.833333333333333,4.833333333333333,1.0,4.883333333333334,4.883333333333334,2,0.8660254037844386,0.5000000000000001,1.0,4.7
1975-11,1,4.7,4.7,1975-11-01,1.0,5.2,5.2,1.0,4.3,4.3,1.0,4.7,4.7,1.0,4.966666666666667,4.966666666666666,1.0,4.883333333333334,4.883333333333334,11,-0.5000000000000004,0.8660254037844384,1.0,5.2
1976-08,1,5.2,5.2,1976-08-01,1.0,4.7,4.7,1.0,5.0,5.0,1.0,4.6,4.6,1.0,5.033333333333334,5.033333333333333,1.0,4.983333333333333,4.983333333333333,8,-0.8660254037844384,-0.5000000000000004,1.0,4.9
1976-12,1,4.9,4.9,1976-12-01,1.0,5.2,5.2,1.0,5.2,5.2,1.0,5.5,5.5,1.0,4.933333333333334,4.933333333333334,1.0,4.883333333333334,4.883333333333334,12,-2.4492935982947064e-16,1.0,9.0,7.1
1978-03,9,5.066666666666666,7.1,1978-03-01,1.0,4.9,4.9,1.0,4.7,4.7,1.0,4.3,4.3,3.6666666666666665,5.055555555555556,5.733333333333334,2.3333333333333335,5.011111111111111,5.3500000000000005,3,1.0,6.123233995736766e-17,3.0,5.1
1978-04,3,4.8999999999999995,5.1,1978-04-01,9.0,5.066666666666666,7.1,1.0,5.2,5.2,1.0,5.0,5.0,4.333333333333333,4.955555555555556,5.7,2.6666666666666665,4.9944444444444445,5.366666666666667,4,0.8660254037844387,-0.4999999999999998,2.0,4.6
1978-05,2,4.25,4.6,1978-05-01,3.0,4.8999999999999995,5.1,1.0,4.9,4.9,1.0,5.2,5.2,4.666666666666667,4.738888888888888,5.599999999999999,2.8333333333333335,4.836111111111111,5.266666666666667,5,0.49999999999999994,-0.8660254037844387,2.0,5.0
1978-06,2,4.8,5.0,1978-06-01,2.0,4.25,4.6,9.0,5.066666666666666,7.1,1.0,4.7,4.7,2.3333333333333335,4.6499999999999995,4.8999999999999995,3.0,4.852777777777778,5.316666666666666,6,1.2246467991473532e-16,-1.0,1.0,5.2
1979-04,1,5.2,5.2,1979-04-01,2.0,4.8,5.0,3.0,4.8999999999999995,5.1,1.0,5.2,5.2,1.6666666666666667,4.75,4.933333333333334,3.0,4.852777777777778,5.316666666666666,4,0.8660254037844387,-0.4999999999999998,2.0,4.8
1979-05,2,4.75,4.8,1979-05-01,1.0,5.2,5.2,2.0,4.25,4.6,1.0,4.9,4.9,1.6666666666666667,4.916666666666667,5.0,3.1666666666666665,4.8277777777777775,5.3,5,0.49999999999999994,-0.8660254037844387,1.0,4.5
1979-07,1,4.5,4.5,1979-07-01,2.0,4.75,4.8,2.0,4.8,5.0,9.0,5.066666666666666,7.1,1.3333333333333333,4.816666666666666,4.833333333333333,1.8333333333333333,4.733333333333333,4.866666666666666,7,-0.4999999999999997,-0.8660254037844388,2.0,5.9
1979-09,2,5.15,5.9,1979-09-01,1.0,4.5,4.5,1.0,5.2,5.2,3.0,4.8999999999999995,5.1,1.6666666666666667,4.8,5.066666666666667,1.6666666666666667,4.7749999999999995,5.0,9,-1.0,-1.8369701987210297e-16,1.0,4.6
1980-03,1,4.6,4.6,1980-03-01,2.0,5.15,5.9,2.0,4.75,4.8,2.0,4.25,4.6,1.3333333333333333,4.75,5.0,1.5,4.833333333333333,5.0,3,1.0,6.123233995736766e-17,1.0,5.4
1980-07,1,5.4,5.4,1980-07-01,1.0,4.6,4.6,1.0,4.5,4.5,2.0,4.8,5.0,1.3333333333333333,5.05,5.3,1.3333333333333333,4.933333333333334,5.066666666666666,7,-0.4999999999999997,-0.8660254037844388,1.0,4.8
1980-08,1,4.8,4.8,1980-08-01,1.0,5.4,5.4,2.0,5.15,5.9,1.0,5.2,5.2,1.0,4.933333333333334,4.933333333333334,1.3333333333333333,4.866666666666666,5.0,8,-0.8660254037844384,-0.5000000000000004,1.0,4.7
1980-09,1,4.7,4.7,1980-09-01,1.0,4.8,4.8,1.0,4.6,4.6,2.0,4.75,4.8,1.0,4.966666666666667,4.966666666666667,1.1666666666666667,4.858333333333333,4.983333333333333,9,-1.0,-1.8369701987210297e-16,1.0,4.7
1980-10,1,4.7,4.7,1980-10-01,1.0,4.7,4.7,1.0,5.4,5.4,1.0,4.5,4.5,1.0,4.733333333333333,4.733333333333333,1.1666666666666667,4.891666666666667,5.016666666666667,10,-0.8660254037844386,0.5000000000000001,1.0,4.5
1981-06,1,4.5,4.5,1981-06-01,1.0,4.7,4.7,1.0,4.8,4.8,2.0,5.15,5.9,1.0,4.633333333333333,4.633333333333333,1.0,4.783333333333334,4.783333333333333,6,1.2246467991473532e-16,-1.0,1.0,4.5
1981-08,1,4.5,4.5,1981-08-01,1.0,4.5,4.5,1.0,4.7,4.7,1.0,4.6,4.6,1.0,4.566666666666666,4.566666666666666,1.0,4.766666666666667,4.766666666666667,8,-0.8660254037844384,-0.5000000000000004,1.0,4.8
1982-05,1,4.8,4.8,1982-05-01,1.0,4.5,4.5,1.0,4.7,4.7,1.0,5.4,5.4,1.0,4.6000000000000005,4.6000000000000005,1.0,4.666666666666667,4.666666666666667,5,0.49999999999999994,-0.8660254037844387,1.0,4.5
1982-06,1,4.5,4.5,1982-06-01,1.0,4.8,4.8,1.0,4.5,4.5,1.0,4.8,4.8,1.0,4.6000000000000005,4.6000000000000005,1.0,4.616666666666667,4.616666666666666,6,1.2246467991473532e-16,-1.0,1.0,4.6
1982-08,1,4.6,4.6,1982-08-01,1.0,4.5,4.5,1.0,4.5,4.5,1.0,4.7,4.7,1.0,4.633333333333334,4.633333333333334,1.0,4.6,4.6000000000000005,8,-0.8660254037844384,-0.5000000000000004,1.0,5.0
1982-11,1,5.0,5.0,1982-11-01,1.0,4.6,4.6,1.0,4.8,4.8,1.0,4.7,4.7,1.0,4.7,4.7,1.0,4.6499999999999995,4.6499999999999995,11,-0.5000000000000004,0.8660254037844384,1.0,5.8
1982-12,1,5.8,5.8,1982-12-01,1.0,5.0,5.0,1.0,4.5,4.5,1.0,4.5,4.5,1.0,5.133333333333333,5.133333333333333,1.0,4.866666666666666,4.866666666666666,12,-2.4492935982947064e-16,1.0,1.0,4.8
1983-03,1,4.8,4.8,1983-03-01,1.0,5.8,5.8,1.0,4.6,4.6,1.0,4.5,4.5,1.0,5.2,5.2,1.0,4.916666666666667,4.916666666666667,3,1.0,6.123233995736766e-17,1.0,4.8
1983-06,1,4.8,4.8,1983-06-01,1.0,4.8,4.8,1.0,5.0,5.0,1.0,4.8,4.8,1.0,5.133333333333333,5.133333333333333,1.0,4.916666666666667,4.916666666666667,6,1.2246467991473532e-16,-1.0,1.0,4.1
1983-09,1,4.1,4.1,1983-09-01,1.0,4.8,4.8,1.0,5.8,5.8,1.0,4.5,4.5,1.0,4.566666666666666,4.566666666666666,1.0,4.8500000000000005,4.85,9,-1.0,-1.8369701987210297e-16,1.0,4.9
1983-10,1,4.9,4.9,1983-10-01,1.0,4.1,4.1,1.0,4.8,4.8,1.0,4.6,4.6,1.0,4.6000000000000005,4.6000000000000005,1.0,4.8999999999999995,4.9,10,-0.8660254037844386,0.5000000000000001,1.0,4.8
1983-12,1,4.8,4.8,1983-12-01,1.0,4.9,4.9,1.0,4.8,4.8,1.0,5.0,5.0,1.0,4.6,4.6,1.0,4.866666666666666,4.866666666666666,12,-2.4492935982947064e-16,1.0,1.0,4.4
1984-08,1,4.4,4.4,1984-08-01,1.0,4.8,4.8,1.0,4.1,4.1,1.0,5.8,5.8,1.0,4.7,4.7,1.0,4.633333333333333,4.633333333333334,8,-0.8660254037844384,-0.5000000000000004,1.0,5.0
1984-10,1,5.0,5.0,1984-10-01,1.0,4.4,4.4,1.0,4.9,4.9,1.0,4.8,4.8,1.0,4.733333333333333,4.733333333333333,1.0,4.666666666666667,4.666666666666667,10,-0.8660254037844386,0.5000000000000001,1.0,4.1
1985-03,1,4.1,4.1,1985-03-01,1.0,5.0,5.0,1.0,4.8,4.8,1.0,4.8,4.8,1.0,4.5,4.5,1.0,4.55,4.55,3,1.0,6.123233995736766e-17,1.0,4.3
1985-05,1,4.3,4.3,1985-05-01,1.0,4.1,4.1,1.0,4.4,4.4,1.0,4.1,4.1,1.0,4.466666666666666,4.466666666666666,1.0,4.583333333333333,4.583333333333333,5,0.49999999999999994,-0.8660254037844387,2.0,4.7
1985-08,2,4.7,4.7,1985-08-01,1.0,4.3,4.3,1.0,5.0,5.0,1.0,4.9,4.9,1.3333333333333333,4.366666666666666,4.366666666666666,1.1666666666666667,4.55,4.55,8,-0.8660254037844384,-0.5000000000000004,1.0,5.0
1986-01,1,5.0,5.0,1986-01-01,2.0,4.7,4.7,1.0,4.1,4.1,1.0,4.8,4.8,1.3333333333333333,4.666666666666667,4.666666666666667,1.1666666666666667,4.583333333333333,4.583333333333333,1,0.49999999999999994,0.8660254037844387,1.0,4.9
1986-02,1,4.9,4.9,1986-02-01,1.0,5.0,5.0,1.0,4.3,4.3,1.0,4.4,4.4,1.3333333333333333,4.866666666666666,4.866666666666666,1.1666666666666667,4.666666666666667,4.666666666666667,2,0.8660254037844386,0.5000000000000001,1.0,4.7
1986-03,1,4.7,4.7,1986-03-01,1.0,4.9,4.9,2.0,4.7,4.7,1.0,5.0,5.0,1.0,4.866666666666667,4.866666666666667,1.1666666666666667,4.616666666666667,4.616666666666666,3,1.0,6.123233995736766e-17,3.0,5.0
1986-05,3,4.833333333333333,5.0,1986-05-01,1.0,4.7,4.7,1.0,5.0,5.0,1.0,4.1,4.1,1.6666666666666667,4.811111111111111,4.866666666666667,1.5,4.738888888888889,4.766666666666667,5,0.49999999999999994,-0.8660254037844387,2.0,4.2
1986-06,2,4.15,4.2,1986-06-01,3.0,4.833333333333333,5.0,1.0,4.9,4.9,1.0,4.3,4.3,2.0,4.561111111111111,4.633333333333334,1.6666666666666667,4.713888888888889,4.75,6,1.2246467991473532e-16,-1.0,2.0,4.6
1986-07,2,4.55,4.6,1986-07-01,2.0,4.15,4.2,1.0,4.7,4.7,2.0,4.7,4.7,2.3333333333333335,4.511111111111112,4.6,1.6666666666666667,4.688888888888889,4.733333333333333,7,-0.4999999999999997,-0.8660254037844388,1.0,4.8
1986-10,1,4.8,4.8,1986-10-01,2.0,4.55,4.6,3.0,4.833333333333333,5.0,1.0,5.0,5.0,1.6666666666666667,4.5,4.533333333333334,1.6666666666666667,4.655555555555556,4.7,10,-0.8660254037844386,0.5000000000000001,11.0,6.2
1987-01,11,4.845454545454545,6.2,1987-01-01,1.0,4.8,4.8,2.0,4.15,4.2,1.0,4.9,4.9,4.666666666666667,4.7318181818181815,5.2,3.3333333333333335,4.646464646464646,4.916666666666667,1,0.49999999999999994,0.8660254037844387,1.0,4.6
1987-02,1,4.6,4.6,1987-02-01,11.0,4.845454545454545,6.2,2.0,4.55,4.6,1.0,4.7,4.7,4.333333333333333,4.748484848484847,5.2,3.3333333333333335,4.62979797979798,4.8999999999999995,2,0.8660254037844386,0.5000000000000001,1.0,5.0
1987-03,1,5.0,5.0,1987-03-01,1.0,4.6,4.6,1.0,4.8,4.8,3.0,4.833333333333333,5.0,4.333333333333333,4.815151515151515,5.266666666666667,3.0,4.657575757575757,4.8999999999999995,3,1.0,6.123233995736766e-17,1.0,4.1
1987-04,1,4.1,4.1,1987-04-01,1.0,5.0,5.0,11.0,4.845454545454545,6.2,2.0,4.15,4.2,1.0,4.566666666666666,4.566666666666666,2.8333333333333335,4.649242424242424,4.883333333333333,4,0.8660254037844387,-0.4999999999999998,2.0,4.6
1987-05,2,4.55,4.6,1987-05-01,1.0,4.1,4.1,1.0,4.6,4.6,2.0,4.55,4.6,1.3333333333333333,4.55,4.566666666666666,2.8333333333333335,4.649242424242424,4.883333333333333,5,0.49999999999999994,-0.8660254037844387,1.0,4.6
1987-09,1,4.6,4.6,1987-09-01,2.0,4.55,4.6,1.0,5.0,5.0,1.0,4.8,4.8,1.3333333333333333,4.416666666666666,4.433333333333333,2.8333333333333335,4.615909090909091,4.85,9,-1.0,-1.8369701987210297e-16,2.0,4.8
1988-01,2,4.699999999999999,4.8,1988-01-01,1.0,4.6,4.6,1.0,4.1,4.1,11.0,4.845454545454545,6.2,1.6666666666666667,4.616666666666666,4.666666666666667,1.3333333333333333,4.591666666666666,4.616666666666666,1,0.49999999999999994,0.8660254037844387,3.0,4.5
1988-03,3,4.5,4.5,1988-03-01,2.0,4.699999999999999,4.8,2.0,4.55,4.6,1.0,4.6,4.6,2.0,4.6,4.633333333333333,1.6666666666666667,4.574999999999999,4.6000000000000005,3,1.0,6.123233995736766e-17,1.0,4.9
1988-05,1,4.9,4.9,1988-05-01,3.0,4.5,4.5,1.0,4.6,4.6,1.0,5.0,5.0,2.0,4.7,4.733333333333333,1.6666666666666667,4.558333333333333,4.583333333333333,5,0.49999999999999994,-0.8660254037844387,1.0,5.7
1988-06,1,5.7,5.7,1988-06-01,1.0,4.9,4.9,2.0,4.699999999999999,4.8,1.0,4.1,4.1,1.6666666666666667,5.033333333333334,5.033333333333333,1.6666666666666667,4.825,4.8500000000000005,6,1.2246467991473532e-16,-1.0,1.0,4.9
1988-11,1,4.9,4.9,1988-11-01,1.0,5.7,5.7,3.0,4.5,4.5,2.0,4.55,4.6,1.0,5.166666666666667,5.166666666666667,1.5,4.883333333333334,4.8999999999999995,11,-0.5000000000000004,0.8660254037844384,2.0,4.8
1989-03,2,4.65,4.8,1989-03-01,1.0,4.9,4.9,1.0,4.9,4.9,1.0,4.6,4.6,1.3333333333333333,5.083333333333333,5.133333333333334,1.6666666666666667,4.891666666666667,4.933333333333334,3,1.0,6.123233995736766e-17,1.0,4.6
1989-05,1,4.6,4.6,1989-05-01,2.0,4.65,4.8,1.0,5.7,5.7,2.0,4.699999999999999,4.8,1.3333333333333333,4.716666666666668,4.766666666666667,1.5,4.875,4.8999999999999995,5,0.49999999999999994,-0.8660254037844387,2.0,4.4
1990-02,2,4.300000000000001,4.4,1990-02-01,1.0,4.6,4.6,1.0,4.9,4.9,3.0,4.5,4.5,1.6666666666666667,4.516666666666667,4.6000000000000005,1.3333333333333333,4.841666666666667,4.883333333333334,2,0.8660254037844386,0.5000000000000001,2.0,4.7
1990-05,2,4.65,4.7,1990-05-01,2.0,4.300000000000001,4.4,2.0,4.65,4.8,1.0,4.9,4.9,1.6666666666666667,4.516666666666667,4.566666666666666,1.5,4.8,4.8500000000000005,5,0.49999999999999994,-0.8660254037844387,2.0,4.9
1990-09,2,4.75,4.9,1990-09-01,2.0,4.65,4.7,1.0,4.6,4.6,1.0,5.7,5.7,2.0,4.566666666666666,4.666666666666667,1.6666666666666667,4.641666666666667,4.716666666666666,9,-1.0,-1.8369701987210297e-16,1.0,6.4
1990-11,1,6.4,6.4,1990-11-01,2.0,4.75,4.9,2.0,4.300000000000001,4.4,1.0,4.9,4.9,1.6666666666666667,5.266666666666667,5.333333333333333,1.6666666666666667,4.891666666666667,4.966666666666667,11,-0.5000000000000004,0.8660254037844384,1.0,4.4
1990-12,1,4.4,4.4,1990-12-01,1.0,6.4,6.4,2.0,4.65,4.7,2.0,4.65,4.8,1.3333333333333333,5.183333333333334,5.233333333333333,1.5,4.8500000000000005,4.8999999999999995,12,-2.4492935982947064e-16,1.0,1.0,4.0
1991-03,1,4.0,4.0,1991-03-01,1.0,4.4,4.4,2.0,4.75,4.9,1.0,4.6,4.6,1.0,4.933333333333334,4.933333333333334,1.5,4.75,4.800000000000001,3,1.0,6.123233995736766e-17,1.0,5.1
1991-07,1,5.1,5.1,1991-07-01,1.0,4.0,4.0,1.0,6.4,6.4,2.0,4.300000000000001,4.4,1.0,4.5,4.5,1.3333333333333333,4.883333333333334,4.916666666666667,7,-0.4999999999999997,-0.8660254037844388,2.0,4.4
1992-02,2,4.35,4.4,1992-02-01,1.0,5.1,5.1,1.0,4.4,4.4,2.0,4.65,4.7,1.3333333333333333,4.483333333333333,4.5,1.3333333333333333,4.833333333333333,4.866666666666667,2,0.8660254037844386,0.5000000000000001,1.0,3.5
1992-07,1,3.5,3.5,1992-07-01,2.0,4.35,4.4,1.0,4.0,4.0,2.0,4.75,4.9,1.3333333333333333,4.316666666666666,4.333333333333333,1.1666666666666667,4.625,4.633333333333334,7,-0.4999999999999997,-0.8660254037844388,8.0,7.3
1992-08,8,4.775,7.3,1992-08-01,1.0,3.5,3.5,1.0,5.1,5.1,1.0,6.4,6.4,3.6666666666666665,4.208333333333333,5.066666666666666,2.3333333333333335,4.354166666666667,4.783333333333333,8,-0.8660254037844384,-0.5000000000000004,1.0,3.7
1992-09,1,3.7,3.7,1992-09-01,8.0,4.775,7.3,2.0,4.35,4.4,1.0,4.4,4.4,3.3333333333333335,3.991666666666667,4.833333333333333,2.3333333333333335,4.2375,4.666666666666667,9,-1.0,-1.8369701987210297e-16,1.0,4.0
1993-01,1,4.0,4.0,1993-01-01,1.0,3.7,3.7,1.0,3.5,3.5,1.0,4.0,4.0,3.3333333333333335,4.158333333333334,5.0,2.3333333333333335,4.2375,4.666666666666667,1,0.49999999999999994,0.8660254037844387,1.0,4.7
1993-04,1,4.7,4.7,1993-04-01,1.0,4.0,4.0,8.0,4.775,7.3,1.0,5.1,5.1,1.0,4.133333333333334,4.133333333333334,2.3333333333333335,4.170833333333333,4.6000000000000005,4,0.8660254037844387,-0.4999999999999998,1.0,4.3
1993-07,1,4.3,4.3,1993-07-01,1.0,4.7,4.7,1.0,3.7,3.7,2.0,4.35,4.4,1.0,4.333333333333333,4.333333333333333,2.1666666666666665,4.1625000000000005,4.583333333333333,7,-0.4999999999999997,-0.8660254037844388,1.0,5.5
1993-12,1,5.5,5.5,1993-12-01,1.0,4.3,4.3,1.0,4.0,4.0,1.0,3.5,3.5,1.0,4.833333333333333,4.833333333333333,2.1666666666666665,4.495833333333334,4.916666666666667,12,-2.4492935982947064e-16,1.0,1.0,4.4
1994-07,1,4.4,4.4,1994-07-01,1.0,5.5,5.5,1.0,4.7,4.7,8.0,4.775,7.3,1.0,4.733333333333333,4.733333333333333,1.0,4.433333333333334,4.433333333333334,7,-0.4999999999999997,-0.8660254037844388,1.0,4.5
1994-09,1,4.5,4.5,1994-09-01,1.0,4.4,4.4,1.0,4.3,4.3,1.0,3.7,3.7,1.0,4.8,4.8,1.0,4.566666666666666,4.566666666666666,9,-1.0,-1.8369701987210297e-16,1.0,4.2
1995-03,1,4.2,4.2,1995-03-01,1.0,4.5,4.5,1.0,5.5,5.5,1.0,4.0,4.0,1.0,4.366666666666666,4.366666666666666,1.0,4.6000000000000005,4.6,3,1.0,6.123233995736766e-17,1.0,3.8
1995-08,1,3.8,3.8,1995-08-01,1.0,4.2,4.2,1.0,4.4,4.4,1.0,4.7,4.7,1.0,4.166666666666667,4.166666666666667,1.0,4.45,4.45,8,-0.8660254037844384,-0.5000000000000004,3.0,5.3
1995-11,3,4.666666666666667,5.3,1995-11-01,1.0,3.8,3.8,1.0,4.5,4.5,1.0,4.3,4.3,1.6666666666666667,4.222222222222222,4.433333333333333,1.3333333333333333,4.511111111111111,4.616666666666666,11,-0.5000000000000004,0.8660254037844384,2.0,5.2
1996-01,2,4.75,5.2,1996-01-01,3.0,4.666666666666667,5.3,1.0,4.2,4.2,1.0,5.5,5.5,2.0,4.405555555555556,4.766666666666667,1.5,4.386111111111111,4.566666666666667,1,0.49999999999999994,0.8660254037844387,2.0,4.3
1996-04,2,4.1,4.3,1996-04-01,2.0,4.75,5.2,1.0,3.8,3.8,1.0,4.4,4.4,2.3333333333333335,4.5055555555555555,4.933333333333333,1.6666666666666667,4.336111111111111,4.55,4,0.8660254037844387,-0.4999999999999998,2.0,4.6
1996-05,2,4.35,4.6,1996-05-01,2.0,4.1,4.3,3.0,4.666666666666667,5.3,1.0,4.5,4.5,2.0,4.3999999999999995,4.7,1.8333333333333333,4.311111111111111,4.566666666666666,5,0.49999999999999994,-0.8660254037844387,2.0,4.3
1996-06,2,4.05,4.3,1996-06-01,2.0,4.35,4.6,2.0,4.75,5.2,1.0,4.2,4.2,2.0,4.166666666666667,4.3999999999999995,2.0,4.2861111111111105,4.583333333333333,6,1.2246467991473532e-16,-1.0,1.0,3.7
1996-08,1,3.7,3.7,1996-08-01,2.0,4.05,4.3,2.0,4.1,4.3,1.0,3.8,3.8,1.6666666666666667,4.033333333333333,4.2,2.0,4.269444444444444,4.566666666666666,8,-0.8660254037844384,-0.5000000000000004,4.0,4.9
1996-12,4,4.4,4.9,1996-12-01,1.0,3.7,3.7,2.0,4.35,4.6,3.0,4.666666666666667,5.3,2.3333333333333335,4.05,4.3,2.1666666666666665,4.2250000000000005,4.5,12,-2.4492935982947064e-16,1.0,2.0,3.8
1997-02,2,3.65,3.8,1997-02-01,4.0,4.4,4.9,2.0,4.05,4.3,2.0,4.75,5.2,2.3333333333333335,3.9166666666666674,4.133333333333334,2.1666666666666665,4.041666666666667,4.266666666666667,2,0.8660254037844386,0.5000000000000001,1.0,4.8
1997-03,1,4.8,4.8,1997-03-01,2.0,3.65,3.8,1.0,3.7,3.7,2.0,4.1,4.3,2.3333333333333335,4.283333333333333,4.5,2.0,4.158333333333333,4.35,3,1.0,6.123233995736766e-17,1.0,4.1
1997-07,1,4.1,4.1,1997-07-01,1.0,4.8,4.8,4.0,4.4,4.9,2.0,4.35,4.6,1.3333333333333333,4.183333333333333,4.233333333333333,1.8333333333333333,4.116666666666667,4.266666666666667,7,-0.4999999999999997,-0.8660254037844388,2.0,5.0
1997-08,2,4.45,5.0,1997-08-01,1.0,4.1,4.1,2.0,3.65,3.8,2.0,4.05,4.3,1.3333333333333333,4.449999999999999,4.633333333333333,1.8333333333333333,4.183333333333334,4.383333333333334,8,-0.8660254037844384,-0.5000000000000004,1.0,4.4
1997-09,1,4.4,4.4,1997-09-01,2.0,4.45,5.0,1.0,4.8,4.8,1.0,3.7,3.7,1.3333333333333333,4.316666666666666,4.5,1.8333333333333333,4.3,4.5,9,-1.0,-1.8369701987210297e-16,2.0,4.6
1997-12,2,4.5,4.6,1997-12-01,1.0,4.4,4.4,1.0,4.1,4.1,4.0,4.4,4.9,1.6666666666666667,4.45,4.666666666666667,1.5,4.316666666666666,4.45,12,-2.4492935982947064e-16,1.0,1.0,4.1
1998-01,1,4.1,4.1,1998-01-01,2.0,4.5,4.6,2.0,4.45,5.0,2.0,3.65,3.8,1.3333333333333333,4.333333333333333,4.366666666666666,1.3333333333333333,4.391666666666667,4.499999999999999,1,0.49999999999999994,0.8660254037844387,2.0,3.8
1998-04,2,3.7,3.8,1998-04-01,1.0,4.1,4.1,1.0,4.4,4.4,1.0,4.8,4.8,1.6666666666666667,4.1,4.166666666666667,1.5,4.208333333333333,4.333333333333333,4,0.8660254037844387,-0.4999999999999998,2.0,5.3
1998-05,2,4.949999999999999,5.3,1998-05-01,2.0,3.7,3.8,2.0,4.5,4.6,1.0,4.1,4.1,1.6666666666666667,4.25,4.3999999999999995,1.6666666666666667,4.35,4.533333333333333,5,0.49999999999999994,-0.8660254037844387,1.0,5.2
1998-06,1,5.2,5.2,1998-06-01,2.0,4.949999999999999,5.3,1.0,4.1,4.1,2.0,4.45,5.0,1.6666666666666667,4.616666666666666,4.766666666666667,1.5,4.475,4.566666666666666,6,1.2246467991473532e-16,-1.0,1.0,4.2
1998-07,1,4.2,4.2,1998-07-01,1.0,5.2,5.2,2.0,3.7,3.8,1.0,4.4,4.4,1.3333333333333333,4.783333333333332,4.8999999999999995,1.5,4.441666666666666,4.533333333333333,7,-0.4999999999999997,-0.8660254037844388,3.0,4.8
1998-09,3,4.7,4.8,1998-09-01,1.0,4.2,4.2,2.0,4.949999999999999,5.3,2.0,4.5,4.6,1.6666666666666667,4.7,4.733333333333333,1.6666666666666667,4.4750000000000005,4.566666666666666,9,-1.0,-1.8369701987210297e-16,1.0,4.1
1998-10,1,4.1,4.1,1998-10-01,3.0,4.7,4.8,1.0,5.2,5.2,1.0,4.1,4.1,1.6666666666666667,4.333333333333333,4.366666666666667,1.6666666666666667,4.475,4.566666666666666,10,-0.8660254037844386,0.5000000000000001,2.0,4.6
1998-11,2,4.25,4.6,1998-11-01,1.0,4.1,4.1,1.0,4.2,4.2,2.0,3.7,3.8,2.0,4.3500000000000005,4.5,1.6666666666666667,4.566666666666666,4.7,11,-0.5000000000000004,0.8660254037844384,2.0,4.8
1998-12,2,4.6,4.8,1998-12-01,2.0,4.25,4.6,3.0,4.7,4.8,2.0,4.949999999999999,5.3,1.6666666666666667,4.316666666666666,4.499999999999999,1.6666666666666667,4.508333333333334,4.616666666666666,12,-2.4492935982947064e-16,1.0,2.0,4.6
1999-02,2,4.25,4.6,1999-02-01,2.0,4.6,4.8,1.0,4.1,4.1,1.0,5.2,5.2,2.0,4.366666666666666,4.666666666666666,1.8333333333333333,4.3500000000000005,4.516666666666667,2,0.8660254037844386,0.5000000000000001,1.0,3.9
1999-03,1,3.9,3.9,1999-03-01,2.0,4.25,4.6,2.0,4.25,4.6,1.0,4.2,4.2,1.6666666666666667,4.25,4.433333333333333,1.8333333333333333,4.3,4.466666666666667,3,1.0,6.123233995736766e-17,2.0,4.4
1999-05,2,4.1,4.4,1999-05-01,1.0,3.9,3.9,2.0,4.6,4.8,3.0,4.7,4.8,1.6666666666666667,4.083333333333333,4.3,1.6666666666666667,4.199999999999999,4.3999999999999995,5,0.49999999999999994,-0.8660254037844387,1.0,4.0
1999-07,1,4.0,4.0,1999-07-01,2.0,4.1,4.4,2.0,4.25,4.6,1.0,4.1,4.1,1.3333333333333333,4.0,4.1000000000000005,1.6666666666666667,4.183333333333334,4.383333333333333,7,-0.4999999999999997,-0.8660254037844388,3.0,5.2
1999-12,3,4.7,5.2,1999-12-01,1.0,4.0,4.0,1.0,3.9,3.9,2.0,4.25,4.6,2.0,4.266666666666667,4.533333333333334,1.8333333333333333,4.258333333333334,4.483333333333333,12,-2.4492935982947064e-16,1.0,3.0,4.3
2000-01,3,4.133333333333333,4.3,2000-01-01,3.0,4.7,5.2,2.0,4.1,4.4,2.0,4.6,4.8,2.3333333333333335,4.277777777777778,4.5,2.0,4.180555555555555,4.3999999999999995,1,0.49999999999999994,0.8660254037844387,5.0,4.5
2000-02,5,4.18,4.5,2000-02-01,3.0,4.133333333333333,4.3,1.0,4.0,4.0,2.0,4.25,4.6,3.6666666666666665,4.337777777777777,4.666666666666667,2.5,4.168888888888889,4.383333333333334,2,0.8660254037844386,0.5000000000000001,4.0,4.6
2000-03,4,4.375,4.6,2000-03-01,5.0,4.18,4.5,3.0,4.7,5.2,1.0,3.9,3.9,4.0,4.229444444444444,4.466666666666667,3.0,4.248055555555555,4.5,3,1.0,6.123233995736766e-17,8.0,4.7
2000-04,8,4.1,4.7,2000-04-01,4.0,4.375,4.6,3.0,4.133333333333333,4.3,2.0,4.1,4.4,5.666666666666667,4.218333333333334,4.6000000000000005,4.0,4.248055555555555,4.55,4,0.8660254037844387,-0.4999999999999998,4.0,4.7
2000-05,4,4.125,4.7,2000-05-01,8.0,4.1,4.7,5.0,4.18,4.5,1.0,4.0,4.0,5.333333333333333,4.2,4.666666666666667,4.5,4.268888888888888,4.666666666666667,5,0.49999999999999994,-0.8660254037844387,3.0,4.4
2000-06,3,4.166666666666667,4.4,2000-06-01,4.0,4.125,4.7,4.0,4.375,4.6,3.0,4.7,5.2,5.0,4.1305555555555555,4.6000000000000005,4.5,4.18,4.533333333333334,6,1.2246467991473532e-16,-1.0,7.0,4.7
2000-07,7,4.257142857142857,4.7,2000-07-01,3.0,4.166666666666667,4.4,8.0,4.1,4.7,3.0,4.133333333333333,4.3,4.666666666666667,4.182936507936508,4.6000000000000005,5.166666666666667,4.20063492063492,4.6000000000000005,7,-0.4999999999999997,-0.8660254037844388,4.0,5.0
2000-08,4,4.7,5.0,2000-08-01,7.0,4.257142857142857,4.7,4.0,4.125,4.7,5.0,4.18,4.5,4.666666666666667,4.374603174603175,4.7,5.0,4.287301587301587,4.683333333333334,8,-0.8660254037844384,-0.5000000000000004,3.0,4.4
2000-09,3,4.0,4.4,2000-09-01,4.0,4.7,5.0,3.0,4.166666666666667,4.4,4.0,4.375,4.6,4.666666666666667,4.319047619047619,4.7,4.833333333333333,4.224801587301587,4.6499999999999995,9,-1.0,-1.8369701987210297e-16,2.0,3.9
2000-10,2,3.8,3.9,2000-10-01,3.0,4.0,4.4,7.0,4.257142857142857,4.7,8.0,4.1,4.7,3.0,4.166666666666667,4.433333333333334,3.8333333333333335,4.174801587301587,4.516666666666667,10,-0.8660254037844386,0.5000000000000001,2.0,4.0
2000-11,2,4.0,4.0,2000-11-01,2.0,3.8,3.9,4.0,4.7,5.0,4.0,4.125,4.7,2.3333333333333335,3.9333333333333336,4.1000000000000005,3.5,4.153968253968254,4.4,11,-0.5000000000000004,0.8660254037844384,5.0,5.2
2000-12,5,4.2,5.2,2000-12-01,2.0,4.0,4.0,3.0,4.0,4.4,3.0,4.166666666666667,4.4,3.0,4.0,4.366666666666666,3.8333333333333335,4.159523809523809,4.533333333333333,12,-2.4492935982947064e-16,1.0,2.0,4.8
2001-01,2,4.2,4.8,2001-01-01,5.0,4.2,5.2,2.0,3.8,3.9,7.0,4.257142857142857,4.7,3.0,4.133333333333333,4.666666666666667,3.0,4.15,4.55,1,0.49999999999999994,0.8660254037844387,2.0,4.0
2001-02,2,3.95,4.0,2001-02-01,2.0,4.2,4.8,2.0,4.0,4.0,4.0,4.7,5.0,3.0,4.116666666666666,4.666666666666667,2.6666666666666665,4.025,4.383333333333334,2,0.8660254037844386,0.5000000000000001,3.0,4.6
2001-03,3,4.266666666666667,4.6,2001-03-01,2.0,3.95,4.0,5.0,4.2,5.2,3.0,4.0,4.4,2.3333333333333335,4.138888888888889,4.466666666666666,2.6666666666666665,4.069444444444444,4.416666666666667,3,1.0,6.123233995736766e-17,3.0,4.1
2001-04,3,3.733333333333333,4.1,2001-04-01,3.0,4.266666666666667,4.6,2.0,4.2,4.8,2.0,3.8,3.9,2.6666666666666665,3.983333333333334,4.233333333333333,2.8333333333333335,4.058333333333334,4.45,4,0.8660254037844387,-0.4999999999999998,3.0,4.4
2001-05,3,4.333333333333333,4.4,2001-05-01,3.0,3.733333333333333,4.1,2.0,3.95,4.0,2.0,4.0,4.0,3.0,4.111111111111111,4.366666666666666,3.0,4.113888888888889,4.516666666666667,5,0.49999999999999994,-0.8660254037844387,2.0,4.7
2001-06,2,4.4,4.7,2001-06-01,3.0,4.333333333333333,4.4,3.0,4.266666666666667,4.6,5.0,4.2,5.2,2.6666666666666665,4.155555555555556,4.4,2.5,4.147222222222222,4.433333333333334,6,1.2246467991473532e-16,-1.0,5.0,4.4
2001-07,5,4.12,4.4,2001-07-01,2.0,4.4,4.7,3.0,3.733333333333333,4.1,2.0,4.2,4.8,3.3333333333333335,4.284444444444444,4.500000000000001,3.0,4.1338888888888885,4.366666666666666,7,-0.4999999999999997,-0.8660254037844388,2.0,4.3
2001-08,2,4.05,4.3,2001-08-01,5.0,4.12,4.4,3.0,4.333333333333333,4.4,2.0,3.95,4.0,3.0,4.19,4.466666666666668,3.0,4.150555555555555,4.416666666666667,8,-0.8660254037844384,-0.5000000000000004,9.0,4.9
2001-09,9,4.388888888888889,4.9,2001-09-01,2.0,4.05,4.3,2.0,4.4,4.7,3.0,4.266666666666667,4.6,5.333333333333333,4.186296296296296,4.533333333333334,4.0,4.170925925925926,4.466666666666667,9,-1.0,-1.8369701987210297e-16,3.0,4.7
2001-10,3,4.466666666666667,4.7,2001-10-01,9.0,4.388888888888889,4.9,5.0,4.12,4.4,3.0,3.733333333333333,4.1,4.666666666666667,4.301851851851852,4.633333333333334,4.0,4.293148148148148,4.566666666666666,10,-0.8660254037844386,0.5000000000000001,5.0,4.5
2001-11,5,4.32,4.5,2001-11-01,3.0,4.466666666666667,4.7,2.0,4.05,4.3,3.0,4.333333333333333,4.4,5.666666666666667,4.391851851851852,4.7,4.333333333333333,4.290925925925926,4.583333333333333,11,-0.5000000000000004,0.8660254037844384,4.0,4.3
2001-12,4,4.1499999999999995,4.3,2001-12-01,5.0,4.32,4.5,9.0,4.388888888888889,4.9,2.0,4.4,4.7,4.0,4.312222222222222,4.5,4.666666666666667,4.24925925925926,4.516666666666667,12,-2.4492935982947064e-16,1.0,1.0,4.2
2002-01,1,4.2,4.2,2002-01-01,4.0,4.1499999999999995,4.3,3.0,4.466666666666667,4.7,5.0,4.12,4.4,3.3333333333333335,4.223333333333334,4.333333333333333,4.0,4.2625925925925925,4.483333333333333,1,0.49999999999999994,0.8660254037844387,3.0,4.6
2002-02,3,4.233333333333333,4.6,2002-02-01,1.0,4.2,4.2,5.0,4.32,4.5,2.0,4.05,4.3,2.6666666666666665,4.194444444444444,4.366666666666666,4.166666666666667,4.293148148148148,4.533333333333333,2,0.8660254037844386,0.5000000000000001,1.0,4.0
2002-03,1,4.0,4.0,2002-03-01,3.0,4.233333333333333,4.6,4.0,4.1499999999999995,4.3,9.0,4.388888888888889,4.9,1.6666666666666667,4.144444444444445,4.266666666666667,2.8333333333333335,4.2283333333333335,4.383333333333334,3,1.0,6.123233995736766e-17,2.0,4.6
2002-04,2,4.3,4.6,2002-04-01,1.0,4.0,4.0,1.0,4.2,4.2,3.0,4.466666666666667,4.7,2.0,4.177777777777778,4.3999999999999995,2.6666666666666665,4.200555555555556,4.366666666666667,4,0.8660254037844387,-0.4999999999999998,7.0,4.8
2002-05,7,4.2,4.8,2002-05-01,2.0,4.3,4.6,3.0,4.233333333333333,4.6,5.0,4.32,4.5,3.3333333333333335,4.166666666666667,4.466666666666666,3.0,4.180555555555556,4.416666666666667,5,0.49999999999999994,-0.8660254037844387,3.0,4.5
2002-06,3,4.233333333333333,4.5,2002-06-01,7.0,4.2,4.8,1.0,4.0,4.0,4.0,4.1499999999999995,4.3,4.0,4.2444444444444445,4.633333333333333,2.8333333333333335,4.194444444444444,4.45,6,1.2246467991473532e-16,-1.0,2.0,3.8
2002-07,2,3.5999999999999996,3.8,2002-07-01,3.0,4.233333333333333,4.5,2.0,4.3,4.6,1.0,4.2,4.2,4.0,4.011111111111111,4.366666666666666,3.0,4.094444444444444,4.383333333333334,7,-0.4999999999999997,-0.8660254037844388,2.0,4.8
2002-08,2,4.3,4.8,2002-08-01,2.0,3.5999999999999996,3.8,7.0,4.2,4.8,3.0,4.233333333333333,4.6,2.3333333333333335,4.044444444444444,4.366666666666667,2.8333333333333335,4.105555555555555,4.416666666666667,8,-0.8660254037844384,-0.5000000000000004,3.0,4.5
2002-09,3,4.166666666666667,4.5,2002-09-01,2.0,4.3,4.8,3.0,4.233333333333333,4.5,1.0,4.0,4.0,2.3333333333333335,4.022222222222222,4.366666666666667,3.1666666666666665,4.133333333333333,4.5,9,-1.0,-1.8369701987210297e-16,4.0,4.6
2002-10,4,4.125,4.6,2002-10-01,3.0,4.166666666666667,4.5,2.0,3.5999999999999996,3.8,2.0,4.3,4.6,3.0,4.197222222222222,4.633333333333333,3.5,4.104166666666667,4.499999999999999,10,-0.8660254037844386,0.5000000000000001,2.0,4.4
2002-11,2,4.35,4.4,2002-11-01,4.0,4.125,4.6,2.0,4.3,4.8,7.0,4.2,4.8,3.0,4.2138888888888895,4.5,2.6666666666666665,4.129166666666666,4.433333333333334,11,-0.5000000000000004,0.8660254037844384,8.0,5.7
2002-12,8,4.3625,5.7,2002-12-01,2.0,4.35,4.4,3.0,4.166666666666667,4.5,3.0,4.233333333333333,4.5,4.666666666666667,4.279166666666666,4.8999999999999995,3.5,4.1506944444444445,4.633333333333334,12,-2.4492935982947064e-16,1.0,4.0,5.2
2003-01,4,4.45,5.2,2003-01-01,8.0,4.3625,5.7,4.0,4.125,4.6,2.0,3.5999999999999996,3.8,4.666666666666667,4.3875,5.1000000000000005,3.8333333333333335,4.292361111111111,4.866666666666666,1,0.49999999999999994,0.8660254037844387,39.0,6.3
2003-02,39,4.287179487179487,6.3,2003-02-01,4.0,4.45,5.2,2.0,4.35,4.4,2.0,4.3,4.8,17.0,4.366559829059828,5.733333333333333,10.0,4.290224358974359,5.116666666666666,2,0.8660254037844386,0.5000000000000001,23.0,5.7
2003-03,23,4.365217391304348,5.7,2003-03-01,39.0,4.287179487179487,6.3,8.0,4.3625,5.7,3.0,4.166666666666667,4.5,22.0,4.367465626161278,5.733333333333333,13.333333333333334,4.323316146413973,5.316666666666666,3,1.0,6.123233995736766e-17,5.0,4.7
2003-04,5,4.36,4.7,2003-04-01,23.0,4.365217391304348,5.7,4.0,4.45,5.2,4.0,4.125,4.6,22.333333333333332,4.337465626161278,5.566666666666667,13.5,4.362482813080639,5.333333333333333,4,0.8660254037844387,-0.4999999999999998,12.0,5.8
2003-05,12,4.508333333333334,5.8,2003-05-01,5.0,4.36,4.7,39.0,4.287179487179487,6.3,2.0,4.35,4.4,13.333333333333334,4.411183574879227,5.3999999999999995,15.166666666666666,4.388871701969529,5.566666666666666,5,0.49999999999999994,-0.8660254037844387,4.0,5.2
2003-06,4,4.525,5.2,2003-06-01,12.0,4.508333333333334,5.8,23.0,4.365217391304348,5.7,8.0,4.3625,5.7,7.0,4.464444444444445,5.233333333333333,14.5,4.415955035302861,5.483333333333333,6,1.2246467991473532e-16,-1.0,6.0,4.5
2003-07,6,4.266666666666667,4.5,2003-07-01,4.0,4.525,5.2,5.0,4.36,4.7,4.0,4.45,5.2,7.333333333333333,4.433333333333334,5.166666666666667,14.833333333333334,4.385399479747306,5.366666666666667,7,-0.4999999999999997,-0.8660254037844388,4.0,4.5
2003-08,4,4.325,4.5,2003-08-01,6.0,4.266666666666667,4.5,12.0,4.508333333333334,5.8,39.0,4.287179487179487,6.3,4.666666666666667,4.372222222222223,4.733333333333333,9.0,4.391702898550725,5.066666666666666,8,-0.8660254037844384,-0.5000000000000004,7.0,5.4
2003-09,7,4.514285714285714,5.4,2003-09-01,4.0,4.325,4.5,4.0,4.525,5.2,23.0,4.365217391304348,5.7,5.666666666666667,4.368650793650794,4.8,6.333333333333333,4.416547619047619,5.016666666666667,9,-1.0,-1.8369701987210297e-16,3.0,3.8
2003-10,3,3.7999999999999994,3.8,2003-10-01,7.0,4.514285714285714,5.4,6.0,4.266666666666667,4.5,5.0,4.36,4.7,4.666666666666667,4.213095238095238,4.566666666666666,6.0,4.323214285714285,4.866666666666666,10,-0.8660254037844386,0.5000000000000001,3.0,4.7
2003-11,3,4.633333333333334,4.7,2003-11-01,3.0,3.7999999999999994,3.8,4.0,4.325,4.5,12.0,4.508333333333334,5.8,4.333333333333333,4.315873015873016,4.633333333333334,4.5,4.344047619047619,4.683333333333334,11,-0.5000000000000004,0.8660254037844384,10.0,6.0
2003-12,10,4.67,6.0,2003-12-01,3.0,4.633333333333334,4.7,7.0,4.514285714285714,5.4,4.0,4.525,5.2,5.333333333333333,4.3677777777777775,4.833333333333333,5.5,4.368214285714285,4.816666666666666,12,-2.4492935982947064e-16,1.0,4.0,4.9
2004-01,4,4.35,4.9,2004-01-01,10.0,4.67,6.0,3.0,3.7999999999999994,3.8,6.0,4.266666666666667,4.5,5.666666666666667,4.551111111111111,5.2,5.166666666666667,4.3821031746031744,4.883333333333333,1,0.49999999999999994,0.8660254037844387,5.0,4.0
2004-02,5,3.8,4.0,2004-02-01,4.0,4.35,4.9,3.0,4.633333333333334,4.7,4.0,4.325,4.5,6.333333333333333,4.273333333333333,4.966666666666667,5.333333333333333,4.294603174603174,4.8,2,0.8660254037844386,0.5000000000000001,3.0,4.7
2004-03,3,4.1000000000000005,4.7,2004-03-01,5.0,3.8,4.0,10.0,4.67,6.0,7.0,4.514285714285714,5.4,4.0,4.083333333333333,4.533333333333334,4.666666666666667,4.225555555555555,4.683333333333334,3,1.0,6.123233995736766e-17,7.0,4.2
2004-04,7,4.014285714285714,4.2,2004-04-01,3.0,4.1000000000000005,4.7,4.0,4.35,4.9,3.0,3.7999999999999994,3.8,5.0,3.9714285714285715,4.3,5.333333333333333,4.261269841269841,4.75,4,0.8660254037844387,-0.4999999999999998,3.0,4.7
2004-05,3,4.466666666666667,4.7,2004-05-01,7.0,4.014285714285714,4.2,5.0,3.8,4.0,3.0,4.633333333333334,4.7,4.333333333333333,4.193650793650794,4.533333333333334,5.333333333333333,4.233492063492064,4.75,5,0.49999999999999994,-0.8660254037844387,3.0,4.8
2004-06,3,4.2,4.8,2004-06-01,3.0,4.466666666666667,4.7,3.0,4.1000000000000005,4.7,10.0,4.67,6.0,4.333333333333333,4.226984126984127,4.566666666666667,4.166666666666667,4.15515873015873,4.55,6,1.2246467991473532e-16,-1.0,1.0,4.2
2004-07,1,4.2,4.2,2004-07-01,3.0,4.2,4.8,7.0,4.014285714285714,4.2,4.0,4.35,4.9,2.3333333333333335,4.288888888888889,4.566666666666666,3.6666666666666665,4.130158730158731,4.433333333333333,7,-0.4999999999999997,-0.8660254037844388,5.0,4.7
2004-08,5,4.26,4.7,2004-08-01,1.0,4.2,4.2,3.0,4.466666666666667,4.7,5.0,3.8,4.0,3.0,4.22,4.566666666666667,3.6666666666666665,4.206825396825397,4.550000000000001,8,-0.8660254037844384,-0.5000000000000004,6.0,4.9
2004-09,6,4.433333333333334,4.9,2004-09-01,5.0,4.26,4.7,3.0,4.2,4.8,3.0,4.1000000000000005,4.7,4.0,4.297777777777778,4.6000000000000005,4.166666666666667,4.262380952380952,4.583333333333333,9,-1.0,-1.8369701987210297e-16,9.0,5.3
2004-10,9,4.477777777777778,5.3,2004-10-01,6.0,4.433333333333334,4.9,1.0,4.2,4.2,7.0,4.014285714285714,4.2,6.666666666666667,4.390370370370371,4.966666666666668,4.5,4.33962962962963,4.766666666666667,10,-0.8660254037844386,0.5000000000000001,3.0,4.5
2004-11,3,4.2,4.5,2004-11-01,9.0,4.477777777777778,5.3,5.0,4.26,4.7,3.0,4.466666666666667,4.7,6.0,4.37037037037037,4.8999999999999995,4.5,4.295185185185185,4.733333333333333,11,-0.5000000000000004,0.8660254037844384,4.0,4.6
2004-12,4,3.975,4.6,2004-12-01,3.0,4.2,4.5,6.0,4.433333333333334,4.9,3.0,4.2,4.8,5.333333333333333,4.217592592592593,4.8,4.666666666666667,4.257685185185185,4.7,12,-2.4492935982947064e-16,1.0,5.0,5.1
2005-01,5,4.220000000000001,5.1,2005-01-01,4.0,3.975,4.6,9.0,4.477777777777778,5.3,1.0,4.2,4.2,4.0,4.131666666666667,4.733333333333333,5.333333333333333,4.261018518518519,4.8500000000000005,1,0.49999999999999994,0.8660254037844387,8.0,6.1
2005-02,8,4.575,6.1,2005-02-01,5.0,4.220000000000001,5.1,3.0,4.2,4.5,5.0,4.26,4.7,5.666666666666667,4.256666666666667,5.266666666666666,5.833333333333333,4.313518518518519,5.083333333333333,2,0.8660254037844386,0.5000000000000001,5.0,4.8
2005-03,5,4.4,4.8,2005-03-01,8.0,4.575,6.1,4.0,3.975,4.6,6.0,4.433333333333334,4.9,6.0,4.398333333333333,5.333333333333333,5.666666666666667,4.307962962962963,5.066666666666666,3,1.0,6.123233995736766e-17,4.0,5.1
2005-04,4,4.525,5.1,2005-04-01,5.0,4.4,4.8,5.0,4.220000000000001,5.1,9.0,4.477777777777778,5.3,5.666666666666667,4.5,5.333333333333333,4.833333333333333,4.315833333333334,5.033333333333332,4,0.8660254037844387,-0.4999999999999998,6.0,4.3
2005-05,6,4.0,4.3,2005-05-01,4.0,4.525,5.1,8.0,4.575,6.1,3.0,4.2,4.5,5.0,4.308333333333334,4.733333333333333,5.333333333333333,4.2825,4.999999999999999,5,0.49999999999999994,-0.8660254037844387,4.0,4.6
2005-06,4,4.05,4.6,2005-06-01,6.0,4.0,4.3,5.0,4.4,4.8,4.0,3.975,4.6,4.666666666666667,4.191666666666666,4.666666666666667,5.333333333333333,4.295000000000001,5.0,6,1.2246467991473532e-16,-1.0,4.0,4.6
2005-07,4,4.075,4.6,2005-07-01,4.0,4.05,4.6,4.0,4.525,5.1,5.0,4.220000000000001,5.1,4.666666666666667,4.041666666666667,4.5,5.166666666666667,4.270833333333333,4.916666666666666,7,-0.4999999999999997,-0.8660254037844388,3.0,5.0
2005-08,3,4.0,5.0,2005-08-01,4.0,4.075,4.6,6.0,4.0,4.3,8.0,4.575,6.1,3.6666666666666665,4.041666666666667,4.733333333333333,4.333333333333333,4.175,4.733333333333333,8,-0.8660254037844384,-0.5000000000000004,5.0,4.9
2005-09,5,4.540000000000001,4.9,2005-09-01,3.0,4.0,5.0,4.0,4.05,4.6,5.0,4.4,4.8,4.0,4.205000000000001,4.833333333333333,4.333333333333333,4.198333333333333,4.75,9,-1.0,-1.8369701987210297e-16,5.0,4.9
2005-10,5,4.4,4.9,2005-10-01,5.0,4.540000000000001,4.9,4.0,4.075,4.6,4.0,4.525,5.1,4.333333333333333,4.3133333333333335,4.933333333333334,4.5,4.1775,4.716666666666666,10,-0.8660254037844386,0.5000000000000001,2.0,4.7
2005-11,2,4.45,4.7,2005-11-01,5.0,4.4,4.9,3.0,4.0,5.0,6.0,4.0,4.3,4.0,4.463333333333334,4.833333333333333,3.8333333333333335,4.2525,4.783333333333334,11,-0.5000000000000004,0.8660254037844384,4.0,4.6
2005-12,4,4.15,4.6,2005-12-01,2.0,4.45,4.7,5.0,4.540000000000001,4.9,4.0,4.05,4.6,3.6666666666666665,4.333333333333334,4.733333333333333,3.8333333333333335,4.269166666666667,4.783333333333333,12,-2.4492935982947064e-16,1.0,9.0,4.7
2006-01,9,4.1,4.7,2006-01-01,4.0,4.15,4.6,5.0,4.4,4.9,4.0,4.075,4.6,5.0,4.233333333333333,4.666666666666667,4.666666666666667,4.273333333333333,4.8,1,0.49999999999999994,0.8660254037844387,2.0,4.5
2006-02,2,4.1,4.5,2006-02-01,9.0,4.1,4.7,2.0,4.45,4.7,3.0,4.0,5.0,5.0,4.116666666666666,4.6000000000000005,4.5,4.29,4.716666666666667,2,0.8660254037844386,0.5000000000000001,5.0,4.8
2006-03,5,4.08,4.8,2006-03-01,2.0,4.1,4.5,4.0,4.15,4.6,5.0,4.540000000000001,4.9,5.333333333333333,4.093333333333333,4.666666666666667,4.5,4.213333333333334,4.7,3,1.0,6.123233995736766e-17,5.0,4.9
2006-04,5,4.04,4.9,2006-04-01,5.0,4.08,4.8,9.0,4.1,4.7,5.0,4.4,4.9,4.0,4.073333333333333,4.733333333333333,4.5,4.153333333333333,4.7,4,0.8660254037844387,-0.4999999999999998,3.0,4.4
2006-05,3,4.066666666666666,4.4,2006-05-01,5.0,4.04,4.9,2.0,4.1,4.5,2.0,4.45,4.7,4.333333333333333,4.062222222222222,4.7,4.666666666666667,4.089444444444444,4.6499999999999995,5,0.49999999999999994,-0.8660254037844387,3.0,4.9
2006-06,3,4.466666666666667,4.9,2006-06-01,3.0,4.066666666666666,4.4,5.0,4.08,4.8,4.0,4.15,4.6,3.6666666666666665,4.191111111111112,4.733333333333333,4.5,4.142222222222222,4.7,6,1.2246467991473532e-16,-1.0,2.0,4.8
2006-07,2,4.25,4.8,2006-07-01,3.0,4.466666666666667,4.9,5.0,4.04,4.9,9.0,4.1,4.7,2.6666666666666665,4.261111111111112,4.7,3.3333333333333335,4.167222222222222,4.716666666666667,7,-0.4999999999999997,-0.8660254037844388,6.0,4.8
2006-08,6,4.333333333333333,4.8,2006-08-01,2.0,4.25,4.8,3.0,4.066666666666666,4.4,2.0,4.1,4.5,3.6666666666666665,4.3500000000000005,4.833333333333333,4.0,4.2061111111111105,4.766666666666667,8,-0.8660254037844384,-0.5000000000000004,3.0,4.7
2006-09,3,4.266666666666667,4.7,2006-09-01,6.0,4.333333333333333,4.8,3.0,4.466666666666667,4.9,5.0,4.08,4.8,3.6666666666666665,4.283333333333332,4.766666666666667,3.6666666666666665,4.237222222222223,4.75,9,-1.0,-1.8369701987210297e-16,3.0,4.7
2006-10,3,4.433333333333334,4.7,2006-10-01,3.0,4.266666666666667,4.7,2.0,4.25,4.8,5.0,4.04,4.9,4.0,4.344444444444444,4.733333333333333,3.3333333333333335,4.302777777777778,4.716666666666668,10,-0.8660254037844386,0.5000000000000001,6.0,4.8
2006-11,6,4.45,4.8,2006-11-01,3.0,4.433333333333334,4.7,6.0,4.333333333333333,4.8,3.0,4.066666666666666,4.4,4.0,4.383333333333334,4.733333333333333,3.8333333333333335,4.366666666666666,4.783333333333333,11,-0.5000000000000004,0.8660254037844384,4.0,5.8
2006-12,4,4.925,5.8,2006-12-01,6.0,4.45,4.8,3.0,4.266666666666667,4.7,3.0,4.466666666666667,4.9,4.333333333333333,4.602777777777778,5.1000000000000005,4.0,4.4430555555555555,4.933333333333333,12,-2.4492935982947064e-16,1.0,2.0,4.9
2007-01,2,4.45,4.9,2007-01-01,4.0,4.925,5.8,3.0,4.433333333333334,4.7,2.0,4.25,4.8,4.0,4.608333333333333,5.166666666666667,4.0,4.476388888888889,4.95,1,0.49999999999999994,0.8660254037844387,5.0,4.5
2007-02,5,4.0600000000000005,4.5,2007-02-01,2.0,4.45,4.9,6.0,4.45,4.8,6.0,4.333333333333333,4.8,3.6666666666666665,4.4783333333333335,5.066666666666666,3.8333333333333335,4.430833333333333,4.8999999999999995,2,0.8660254037844386,0.5000000000000001,2.0,4.0
2007-03,2,3.9,4.0,2007-03-01,5.0,4.0600000000000005,4.5,4.0,4.925,5.8,3.0,4.266666666666667,4.7,3.0,4.136666666666668,4.466666666666667,3.6666666666666665,4.369722222222222,4.783333333333334,3,1.0,6.123233995736766e-17,4.0,4.9
2007-04,4,4.45,4.9,2007-04-01,2.0,3.9,4.0,2.0,4.45,4.9,3.0,4.433333333333334,4.7,3.6666666666666665,4.136666666666667,4.466666666666667,3.8333333333333335,4.3725,4.816666666666666,4,0.8660254037844387,-0.4999999999999998,5.0,4.4
2007-05,5,4.2,4.4,2007-05-01,4.0,4.45,4.9,5.0,4.0600000000000005,4.5,6.0,4.45,4.8,3.6666666666666665,4.183333333333334,4.433333333333334,3.6666666666666665,4.3308333333333335,4.75,5,0.49999999999999994,-0.8660254037844387,4.0,5.0
2007-06,4,4.375,5.0,2007-06-01,5.0,4.2,4.4,2.0,3.9,4.0,4.0,4.925,5.8,4.333333333333333,4.341666666666666,4.766666666666667,3.6666666666666665,4.239166666666667,4.616666666666667,6,1.2246467991473532e-16,-1.0,6.0,5.6
2007-07,6,4.783333333333333,5.6,2007-07-01,4.0,4.375,5.0,4.0,4.45,4.9,2.0,4.45,4.9,5.0,4.452777777777778,5.0,4.333333333333333,4.294722222222222,4.733333333333333,7,-0.4999999999999997,-0.8660254037844388,3.0,4.6
2007-08,3,4.3999999999999995,4.6,2007-08-01,6.0,4.783333333333333,5.6,5.0,4.2,4.4,5.0,4.0600000000000005,4.5,4.333333333333333,4.519444444444445,5.066666666666666,4.0,4.351388888888889,4.75,8,-0.8660254037844384,-0.5000000000000004,4.0,5.1
2007-09,4,3.975,5.1,2007-09-01,3.0,4.3999999999999995,4.6,4.0,4.375,5.0,2.0,3.9,4.0,4.333333333333333,4.386111111111111,5.1,4.333333333333333,4.363888888888889,4.933333333333333,9,-1.0,-1.8369701987210297e-16,4.0,5.0
2007-10,4,4.575,5.0,2007-10-01,4.0,3.975,5.1,6.0,4.783333333333333,5.6,4.0,4.45,4.9,3.6666666666666665,4.316666666666667,4.8999999999999995,4.333333333333333,4.384722222222222,4.95,10,-0.8660254037844386,0.5000000000000001,7.0,4.7
2007-11,7,4.114285714285715,4.7,2007-11-01,4.0,4.575,5.0,3.0,4.3999999999999995,4.6,5.0,4.2,4.4,5.0,4.2214285714285715,4.933333333333334,4.666666666666667,4.370436507936508,4.999999999999999,11,-0.5000000000000004,0.8660254037844384,10.0,5.1
2007-12,10,4.46,5.1,2007-12-01,7.0,4.114285714285715,4.7,4.0,3.975,5.1,4.0,4.375,5.0,7.0,4.383095238095239,4.933333333333334,5.666666666666667,4.384603174603175,5.016666666666667,12,-2.4492935982947064e-16,1.0,7.0,5.6
2008-01,7,4.071428571428571,5.6,2008-01-01,10.0,4.46,5.1,4.0,4.575,5.0,6.0,4.783333333333333,5.6,8.0,4.215238095238095,5.133333333333333,5.833333333333333,4.265952380952381,5.016666666666667,1,0.49999999999999994,0.8660254037844387,4.0,4.5
2008-02,4,4.15,4.5,2008-02-01,7.0,4.071428571428571,5.6,7.0,4.114285714285715,4.7,3.0,4.3999999999999995,4.6,7.0,4.227142857142857,5.066666666666666,6.0,4.224285714285714,5.0,2,0.8660254037844386,0.5000000000000001,4.0,4.5
2008-03,4,4.175,4.5,2008-03-01,4.0,4.15,4.5,10.0,4.46,5.1,4.0,3.975,5.1,5.0,4.132142857142857,4.866666666666666,6.0,4.257619047619047,4.8999999999999995,3,1.0,6.123233995736766e-17,2.0,5.0
2008-04,2,4.4,5.0,2008-04-01,4.0,4.175,4.5,7.0,4.071428571428571,5.6,4.0,4.575,5.0,3.3333333333333335,4.241666666666667,4.666666666666667,5.666666666666667,4.228452380952381,4.8999999999999995,4,0.8660254037844387,-0.4999999999999998,4.0,4.5
2008-05,4,3.7,4.5,2008-05-01,2.0,4.4,5.0,4.0,4.15,4.5,7.0,4.114285714285715,4.7,3.3333333333333335,4.091666666666667,4.666666666666667,5.166666666666667,4.159404761904763,4.866666666666666,5,0.49999999999999994,-0.8660254037844387,7.0,4.6
2008-06,7,4.1,4.6,2008-06-01,4.0,3.7,4.5,4.0,4.175,4.5,10.0,4.46,5.1,4.333333333333333,4.066666666666667,4.7,4.666666666666667,4.099404761904762,4.783333333333333,6,1.2246467991473532e-16,-1.0,6.0,4.5
2008-07,6,3.783333333333333,4.5,2008-07-01,7.0,4.1,4.6,2.0,4.4,5.0,7.0,4.071428571428571,5.6,5.666666666666667,3.8611111111111107,4.533333333333334,4.5,4.051388888888888,4.6000000000000005,7,-0.4999999999999997,-0.8660254037844388,6.0,4.8
2008-08,6,4.3500000000000005,4.8,2008-08-01,6.0,3.783333333333333,4.5,4.0,3.7,4.5,4.0,4.15,4.5,6.333333333333333,4.077777777777778,4.633333333333334,4.833333333333333,4.084722222222222,4.6499999999999995,8,-0.8660254037844384,-0.5000000000000004,5.0,4.7
2008-09,5,4.14,4.7,2008-09-01,6.0,4.3500000000000005,4.8,7.0,4.1,4.6,4.0,4.175,4.5,5.666666666666667,4.091111111111111,4.666666666666667,5.0,4.078888888888889,4.683333333333334,9,-1.0,-1.8369701987210297e-16,107.0,6.7
2008-10,107,4.3158878504672895,6.7,2008-10-01,5.0,4.14,4.7,6.0,3.783333333333333,4.5,2.0,4.4,5.0,39.333333333333336,4.268629283489097,5.400000000000001,22.5,4.064870197300103,4.966666666666667,10,-0.8660254037844386,0.5000000000000001,11.0,4.9
2008-11,11,4.318181818181818,4.9,2008-11-01,107.0,4.3158878504672895,6.7,6.0,4.3500000000000005,4.8,4.0,3.7,4.5,41.0,4.258023222883035,5.433333333333334,23.666666666666668,4.167900500330407,5.033333333333334,11,-0.5000000000000004,0.8660254037844384,6.0,4.9
2008-12,6,3.966666666666667,4.9,2008-12-01,11.0,4.318181818181818,4.9,5.0,4.14,4.7,7.0,4.1,4.6,41.333333333333336,4.200245445105258,5.5,23.5,4.145678278108185,5.083333333333333,12,-2.4492935982947064e-16,1.0,6.0,5.1
2009-01,6,4.55,5.1,2009-01-01,6.0,3.966666666666667,4.9,107.0,4.3158878504672895,6.7,6.0,3.783333333333333,4.5,7.666666666666667,4.278282828282829,4.966666666666667,23.5,4.273456055885963,5.183333333333334,1,0.49999999999999994,0.8660254037844387,5.0,5.3
2009-02,5,4.8,5.3,2009-02-01,6.0,4.55,5.1,11.0,4.318181818181818,4.9,6.0,4.3500000000000005,4.8,5.666666666666667,4.438888888888889,5.1000000000000005,23.333333333333332,4.348456055885962,5.266666666666667,2,0.8660254037844386,0.5000000000000001,2.0,4.7
2009-03,2,4.4,4.7,2009-03-01,5.0,4.8,5.3,6.0,3.966666666666667,4.9,5.0,4.14,4.7,4.333333333333333,4.583333333333333,5.033333333333333,22.833333333333332,4.391789389219295,5.266666666666667,3,1.0,6.123233995736766e-17,7.0,5.4
2009-04,7,4.928571428571429,5.4,2009-04-01,2.0,4.4,4.7,6.0,4.55,5.1,107.0,4.3158878504672895,6.7,4.666666666666667,4.70952380952381,5.133333333333334,6.166666666666667,4.493903318903318,5.05,4,0.8660254037844387,-0.4999999999999998,1.0,4.8
2009-05,1,4.8,4.8,2009-05-01,7.0,4.928571428571429,5.4,5.0,4.8,5.3,11.0,4.318181818181818,4.9,3.3333333333333335,4.70952380952381,4.966666666666668,4.5,4.574206349206349,5.033333333333333,5,0.49999999999999994,-0.8660254037844387,1.0,5.4
2009-06,1,5.4,5.4,2009-06-01,1.0,4.8,4.8,2.0,4.4,4.7,6.0,3.966666666666667,4.9,3.0,5.042857142857144,5.2,3.6666666666666665,4.813095238095237,5.116666666666666,6,1.2246467991473532e-16,-1.0,5.0,5.2
2009-07,5,4.64,5.2,2009-07-01,1.0,5.4,5.4,7.0,4.928571428571429,5.4,6.0,4.55,5.1,2.3333333333333335,4.946666666666666,5.133333333333334,3.5,4.828095238095238,5.133333333333334,7,-0.4999999999999997,-0.8660254037844388,2.0,4.6
2009-08,2,4.55,4.6,2009-08-01,5.0,4.64,5.2,1.0,4.8,4.8,5.0,4.8,5.3,2.6666666666666665,4.863333333333333,5.066666666666667,3.0,4.786428571428572,5.016666666666667,8,-0.8660254037844384,-0.5000000000000004,3.0,5.0
2009-09,3,4.6000000000000005,5.0,2009-09-01,2.0,4.55,4.6,1.0,5.4,5.4,2.0,4.4,4.7,3.3333333333333335,4.596666666666667,4.933333333333334,3.1666666666666665,4.819761904761905,5.066666666666666,9,-1.0,-1.8369701987210297e-16,4.0,5.0
2009-10,4,4.525,5.0,2009-10-01,3.0,4.6000000000000005,5.0,5.0,4.64,5.2,7.0,4.928571428571429,5.4,3.0,4.558333333333334,4.866666666666666,2.6666666666666665,4.7525,5.0,10,-0.8660254037844386,0.5000000000000001,3.0,4.5
2009-11,3,4.3,4.5,2009-11-01,4.0,4.525,5.0,2.0,4.55,4.6,1.0,4.8,4.8,3.3333333333333335,4.4750000000000005,4.833333333333333,3.0,4.6691666666666665,4.95,11,-0.5000000000000004,0.8660254037844384,2.0,4.4
2009-12,2,4.4,4.4,2009-12-01,3.0,4.3,4.5,3.0,4.6000000000000005,5.0,1.0,5.4,5.4,3.0,4.408333333333334,4.633333333333334,3.1666666666666665,4.5025,4.783333333333334,12,-2.4492935982947064e-16,1.0,3.0,5.0
2010-01,3,4.866666666666666,5.0,2010-01-01,2.0,4.4,4.4,4.0,4.525,5.0,5.0,4.64,5.2,2.6666666666666665,4.522222222222222,4.633333333333334,2.8333333333333335,4.540277777777778,4.75,1,0.49999999999999994,0.8660254037844387,3.0,4.6
2010-02,3,4.466666666666667,4.6,2010-02-01,3.0,4.866666666666666,5.0,3.0,4.3,4.5,2.0,4.55,4.6,2.6666666666666665,4.5777777777777775,4.666666666666667,3.0,4.526388888888889,4.75,2,0.8660254037844386,0.5000000000000001,1.0,5.1
2010-03,1,5.1,5.1,2010-03-01,3.0,4.466666666666667,4.6,2.0,4.4,4.4,3.0,4.6000000000000005,5.0,2.3333333333333335,4.811111111111111,4.8999999999999995,2.6666666666666665,4.609722222222222,4.766666666666667,3,1.0,6.123233995736766e-17,8.0,4.8
2010-04,8,4.575,4.8,2010-04-01,1.0,5.1,5.1,3.0,4.866666666666666,5.0,4.0,4.525,5.0,4.0,4.713888888888889,4.833333333333333,3.3333333333333335,4.618055555555555,4.733333333333333,4,0.8660254037844387,-0.4999999999999998,4.0,4.9
2010-05,4,4.475,4.9,2010-05-01,8.0,4.575,4.8,3.0,4.466666666666667,4.6,3.0,4.3,4.5,4.333333333333333,4.716666666666666,4.933333333333334,3.5,4.647222222222222,4.8,5,0.49999999999999994,-0.8660254037844387,6.0,5.2
2010-06,6,4.5,5.2,2010-06-01,4.0,4.475,4.9,1.0,5.1,5.1,2.0,4.4,4.4,6.0,4.516666666666667,4.966666666666667,4.166666666666667,4.663888888888889,4.933333333333333,6,1.2246467991473532e-16,-1.0,2.0,4.5
2010-08,2,4.35,4.5,2010-08-01,6.0,4.5,5.2,8.0,4.575,4.8,3.0,4.866666666666666,5.0,4.0,4.441666666666666,4.866666666666667,4.0,4.5777777777777775,4.8500000000000005,8,-0.8660254037844384,-0.5000000000000004,5.0,5.4
2010-09,5,4.58,5.4,2010-09-01,2.0,4.35,4.5,4.0,4.475,4.9,3.0,4.466666666666667,4.6,4.333333333333333,4.476666666666667,5.033333333333333,4.333333333333333,4.596666666666667,4.983333333333333,9,-1.0,-1.8369701987210297e-16,5.0,4.7
2010-10,5,4.34,4.7,2010-10-01,5.0,4.58,5.4,6.0,4.5,5.2,1.0,5.1,5.1,4.0,4.423333333333333,4.866666666666667,5.0,4.47,4.916666666666667,10,-0.8660254037844386,0.5000000000000001,3.0,4.4
2010-11,3,4.233333333333333,4.4,2010-11-01,5.0,4.34,4.7,2.0,4.35,4.5,8.0,4.575,4.8,4.333333333333333,4.384444444444445,4.833333333333333,4.166666666666667,4.413055555555555,4.8500000000000005,11,-0.5000000000000004,0.8660254037844384,3.0,4.9
2011-01,3,4.466666666666667,4.9,2011-01-01,3.0,4.233333333333333,4.4,5.0,4.58,5.4,4.0,4.475,4.9,3.6666666666666665,4.346666666666667,4.666666666666667,4.0,4.411666666666666,4.8500000000000005,1,0.49999999999999994,0.8660254037844387,2.0,4.9
2011-02,2,4.550000000000001,4.9,2011-02-01,3.0,4.466666666666667,4.9,5.0,4.34,4.7,6.0,4.5,5.2,2.6666666666666665,4.416666666666667,4.733333333333334,3.3333333333333335,4.42,4.8,2,0.8660254037844386,0.5000000000000001,4.0,4.9
2011-03,4,4.625,4.9,2011-03-01,2.0,4.550000000000001,4.9,3.0,4.233333333333333,4.4,2.0,4.35,4.5,3.0,4.5472222222222225,4.9,3.6666666666666665,4.465833333333333,4.866666666666667,3,1.0,6.123233995736766e-17,2.0,4.9
2011-04,2,4.65,4.9,2011-04-01,4.0,4.625,4.9,3.0,4.466666666666667,4.9,5.0,4.58,5.4,2.6666666666666665,4.608333333333333,4.9,3.1666666666666665,4.4775,4.783333333333334,4,0.8660254037844387,-0.4999999999999998,12.0,5.1
2011-05,12,4.583333333333333,5.1,2011-05-01,2.0,4.65,4.9,2.0,4.550000000000001,4.9,5.0,4.34,4.7,6.0,4.6194444444444445,4.966666666666666,4.333333333333333,4.518055555555556,4.8500000000000005,5,0.49999999999999994,-0.8660254037844387,2.0,4.5
2011-06,2,4.3,4.5,2011-06-01,12.0,4.583333333333333,5.1,4.0,4.625,4.9,3.0,4.233333333333333,4.4,5.333333333333333,4.511111111111111,4.833333333333333,4.166666666666667,4.529166666666666,4.866666666666667,6,1.2246467991473532e-16,-1.0,3.0,4.5
2011-07,3,4.433333333333334,4.5,2011-07-01,2.0,4.3,4.5,2.0,4.65,4.9,3.0,4.466666666666667,4.9,5.666666666666667,4.438888888888889,4.699999999999999,4.166666666666667,4.523611111111111,4.8,7,-0.4999999999999997,-0.8660254037844388,2.0,5.6
2011-08,2,5.3,5.6,2011-08-01,3.0,4.433333333333334,4.5,12.0,4.583333333333333,5.1,2.0,4.550000000000001,4.9,2.3333333333333335,4.677777777777778,4.866666666666667,4.166666666666667,4.648611111111111,4.916666666666667,8,-0.8660254037844384,-0.5000000000000004,3.0,4.4
2011-09,3,4.4,4.4,2011-09-01,2.0,5.3,5.6,2.0,4.3,4.5,4.0,4.625,4.9,2.6666666666666665,4.711111111111111,4.833333333333333,4.0,4.611111111111112,4.833333333333333,9,-1.0,-1.8369701987210297e-16,5.0,4.8
2011-10,5,4.459999999999999,4.8,2011-10-01,3.0,4.4,4.4,3.0,4.433333333333334,4.5,2.0,4.65,4.9,3.3333333333333335,4.72,4.933333333333334,4.5,4.5794444444444435,4.816666666666666,10,-0.8660254037844386,0.5000000000000001,1.0,5.6
2011-11,1,5.6,5.6,2011-11-01,5.0,4.459999999999999,4.8,2.0,5.3,5.6,12.0,4.583333333333333,5.1,3.0,4.819999999999999,4.933333333333333,2.6666666666666665,4.748888888888889,4.8999999999999995,11,-0.5000000000000004,0.8660254037844384,1.0,4.4
2011-12,1,4.4,4.4,2011-12-01,1.0,5.6,5.6,3.0,4.4,4.4,2.0,4.3,4.5,2.3333333333333335,4.82,4.933333333333333,2.5,4.765555555555555,4.883333333333333,12,-2.4492935982947064e-16,1.0,3.0,4.5
2012-01,3,4.3999999999999995,4.5,2012-01-01,1.0,4.4,4.4,5.0,4.459999999999999,4.8,3.0,4.433333333333334,4.5,1.6666666666666667,4.8,4.833333333333333,2.5,4.759999999999999,4.883333333333333,1,0.49999999999999994,0.8660254037844387,3.0,5.2
2012-02,3,4.833333333333333,5.2,2012-02-01,3.0,4.3999999999999995,4.5,1.0,5.6,5.6,2.0,5.3,5.6,2.3333333333333335,4.544444444444444,4.7,2.6666666666666665,4.682222222222222,4.816666666666667,2,0.8660254037844386,0.5000000000000001,6.0,5.0
2012-03,6,4.483333333333333,5.0,2012-03-01,3.0,4.833333333333333,5.2,1.0,4.4,4.4,3.0,4.4,4.4,4.0,4.572222222222222,4.8999999999999995,3.1666666666666665,4.696111111111111,4.916666666666667,3,1.0,6.123233995736766e-17,4.0,4.6
2012-04,4,4.425,4.6,2012-04-01,6.0,4.483333333333333,5.0,3.0,4.3999999999999995,4.5,5.0,4.459999999999999,4.8,4.333333333333333,4.580555555555556,4.933333333333334,3.0,4.690277777777777,4.883333333333334,4,0.8660254037844387,-0.4999999999999998,1.0,5.4
2012-05,1,5.4,5.4,2012-05-01,4.0,4.425,4.6,3.0,4.833333333333333,5.2,1.0,5.6,5.6,3.6666666666666665,4.769444444444445,5.0,3.0,4.656944444444444,4.8500000000000005,5,0.49999999999999994,-0.8660254037844387,4.0,5.3
2012-06,4,4.575,5.3,2012-06-01,1.0,5.4,5.4,6.0,4.483333333333333,5.0,1.0,4.4,4.4,3.0,4.8,5.1000000000000005,3.5,4.686111111111111,5.0,6,1.2246467991473532e-16,-1.0,2.0,4.5
2012-07,2,4.45,4.5,2012-07-01,4.0,4.575,5.3,4.0,4.425,4.6,3.0,4.3999999999999995,4.5,2.3333333333333335,4.808333333333334,5.066666666666666,3.3333333333333335,4.694444444444445,5.0,7,-0.4999999999999997,-0.8660254037844388,3.0,5.1
2012-08,3,4.833333333333333,5.1,2012-08-01,2.0,4.45,4.5,1.0,5.4,5.4,3.0,4.833333333333333,5.2,3.0,4.6194444444444445,4.966666666666667,3.3333333333333335,4.694444444444444,4.983333333333333,8,-0.8660254037844384,-0.5000000000000004,6.0,5.0
2012-09,6,4.566666666666666,5.0,2012-09-01,3.0,4.833333333333333,5.1,4.0,4.575,5.3,6.0,4.483333333333333,5.0,3.6666666666666665,4.616666666666666,4.866666666666666,3.3333333333333335,4.708333333333333,4.983333333333333,9,-1.0,-1.8369701987210297e-16,3.0,4.3
2012-10,3,4.1000000000000005,4.3,2012-10-01,6.0,4.566666666666666,5.0,2.0,4.45,4.5,4.0,4.425,4.6,4.0,4.5,4.8,3.1666666666666665,4.654166666666667,4.933333333333334,10,-0.8660254037844386,0.5000000000000001,4.0,4.7
2012-11,4,4.275,4.7,2012-11-01,3.0,4.1000000000000005,4.3,3.0,4.833333333333333,5.1,1.0,5.4,5.4,4.333333333333333,4.313888888888889,4.666666666666667,3.6666666666666665,4.466666666666667,4.816666666666666,11,-0.5000000000000004,0.8660254037844384,5.0,4.9
2012-12,5,4.38,4.9,2012-12-01,4.0,4.275,4.7,6.0,4.566666666666666,5.0,4.0,4.575,5.3,4.0,4.251666666666667,4.633333333333334,3.8333333333333335,4.434166666666667,4.75,12,-2.4492935982947064e-16,1.0,11.0,6.1
2013-01,11,4.5636363636363635,6.1,2013-01-01,5.0,4.38,4.9,3.0,4.1000000000000005,4.3,2.0,4.45,4.5,6.666666666666667,4.406212121212121,5.233333333333333,5.333333333333333,4.453106060606061,5.016666666666667,1,0.49999999999999994,0.8660254037844387,6.0,4.9
2013-02,6,4.45,4.9,2013-02-01,11.0,4.5636363636363635,6.1,4.0,4.275,4.7,3.0,4.833333333333333,5.1,7.333333333333333,4.464545454545454,5.3,5.833333333333333,4.3892171717171715,4.983333333333333,2,0.8660254037844386,0.5000000000000001,2.0,5.4
2013-03,2,4.75,5.4,2013-03-01,6.0,4.45,4.9,5.0,4.38,4.9,6.0,4.566666666666666,5.0,6.333333333333333,4.587878787878788,5.466666666666666,5.166666666666667,4.419772727272728,5.05,3,1.0,6.123233995736766e-17,4.0,4.4
2013-04,4,4.225,4.4,2013-04-01,2.0,4.75,5.4,11.0,4.5636363636363635,6.1,3.0,4.1000000000000005,4.3,4.0,4.475,4.9,5.333333333333333,4.4406060606060604,5.066666666666666,4,0.8660254037844387,-0.4999999999999998,2.0,4.5
2013-05,2,4.4,4.5,2013-05-01,4.0,4.225,4.4,6.0,4.45,4.9,4.0,4.275,4.7,2.6666666666666665,4.458333333333333,4.766666666666667,5.0,4.4614393939393935,5.033333333333334,5,0.49999999999999994,-0.8660254037844387,2.0,4.5
2013-06,2,4.35,4.5,2013-06-01,2.0,4.4,4.5,2.0,4.75,5.4,5.0,4.38,4.9,2.6666666666666665,4.325,4.466666666666667,4.5,4.456439393939394,4.966666666666668,6,1.2246467991473532e-16,-1.0,1.0,4.3
2013-07,1,4.3,4.3,2013-07-01,2.0,4.35,4.5,4.0,4.225,4.4,11.0,4.5636363636363635,6.1,1.6666666666666667,4.3500000000000005,4.433333333333334,2.8333333333333335,4.4125000000000005,4.666666666666667,7,-0.4999999999999997,-0.8660254037844388,5.0,4.8
2013-08,5,4.4799999999999995,4.8,2013-08-01,1.0,4.3,4.3,2.0,4.4,4.5,6.0,4.45,4.9,2.6666666666666665,4.376666666666666,4.533333333333333,2.6666666666666665,4.4174999999999995,4.65,8,-0.8660254037844384,-0.5000000000000004,3.0,4.5
2013-09,3,4.366666666666667,4.5,2013-09-01,5.0,4.4799999999999995,4.8,2.0,4.35,4.5,2.0,4.75,5.4,3.0,4.3822222222222225,4.533333333333333,2.8333333333333335,4.35361111111111,4.5,9,-1.0,-1.8369701987210297e-16,2.0,4.1
2013-10,2,4.05,4.1,2013-10-01,3.0,4.366666666666667,4.5,1.0,4.3,4.3,4.0,4.225,4.4,3.3333333333333335,4.298888888888889,4.466666666666667,2.5,4.3244444444444445,4.45,10,-0.8660254037844386,0.5000000000000001,9.0,4.9
2013-11,9,4.511111111111111,4.9,2013-11-01,2.0,4.05,4.1,5.0,4.4799999999999995,4.8,2.0,4.4,4.5,4.666666666666667,4.309259259259259,4.5,3.6666666666666665,4.342962962962964,4.516666666666667,11,-0.5000000000000004,0.8660254037844384,3.0,5.0
2013-12,3,4.366666666666666,5.0,2013-12-01,9.0,4.511111111111111,4.9,3.0,4.366666666666667,4.5,2.0,4.35,4.5,4.666666666666667,4.309259259259259,4.666666666666667,3.8333333333333335,4.345740740740741,4.6000000000000005,12,-2.4492935982947064e-16,1.0,3.0,4.3
2014-01,3,4.133333333333333,4.3,2014-01-01,3.0,4.366666666666666,5.0,2.0,4.05,4.1,1.0,4.3,4.3,5.0,4.337037037037036,4.733333333333333,4.166666666666667,4.317962962962962,4.6000000000000005,1,0.49999999999999994,0.8660254037844387,4.0,4.5
2014-02,4,4.4,4.5,2014-02-01,3.0,4.133333333333333,4.3,9.0,4.511111111111111,4.9,5.0,4.4799999999999995,4.8,3.3333333333333335,4.3,4.6000000000000005,4.0,4.30462962962963,4.55,2,0.8660254037844386,0.5000000000000001,5.0,4.7
2014-03,5,4.24,4.7,2014-03-01,4.0,4.4,4.5,3.0,4.366666666666666,5.0,3.0,4.366666666666667,4.5,4.0,4.257777777777778,4.5,4.333333333333333,4.283518518518519,4.583333333333333,3,1.0,6.123233995736766e-17,2.0,4.3
2014-04,2,4.199999999999999,4.3,2014-04-01,5.0,4.24,4.7,3.0,4.133333333333333,4.3,2.0,4.05,4.1,3.6666666666666665,4.28,4.5,4.333333333333333,4.308518518518518,4.616666666666666,4,0.8660254037844387,-0.4999999999999998,4.0,5.4
2014-05,4,4.475,5.4,2014-05-01,2.0,4.199999999999999,4.3,4.0,4.4,4.5,9.0,4.511111111111111,4.9,3.6666666666666665,4.305,4.8,3.5,4.302499999999999,4.7,5,0.49999999999999994,-0.8660254037844387,5.0,4.8
2014-06,5,4.3,4.8,2014-06-01,4.0,4.475,5.4,5.0,4.24,4.7,3.0,4.366666666666666,5.0,3.6666666666666665,4.324999999999999,4.833333333333333,3.8333333333333335,4.291388888888888,4.666666666666667,6,1.2246467991473532e-16,-1.0,3.0,5.0
2014-07,3,4.5,5.0,2014-07-01,5.0,4.3,4.8,2.0,4.199999999999999,4.3,3.0,4.133333333333333,4.3,4.0,4.425,5.066666666666666,3.8333333333333335,4.3525,4.783333333333333,7,-0.4999999999999997,-0.8660254037844388,4.0,5.0
2014-08,4,4.525,5.0,2014-08-01,3.0,4.5,5.0,4.0,4.475,5.4,4.0,4.4,4.5,4.0,4.441666666666666,4.933333333333334,3.8333333333333335,4.373333333333333,4.866666666666666,8,-0.8660254037844384,-0.5000000000000004,2.0,4.8
2014-09,2,4.55,4.8,2014-09-01,4.0,4.525,5.0,5.0,4.3,4.8,5.0,4.24,4.7,3.0,4.5249999999999995,4.933333333333334,3.3333333333333335,4.425,4.883333333333334,9,-1.0,-1.8369701987210297e-16,2.0,4.4
2014-10,2,4.4,4.4,2014-10-01,2.0,4.55,4.8,3.0,4.5,5.0,2.0,4.199999999999999,4.3,2.6666666666666665,4.491666666666666,4.733333333333333,3.3333333333333335,4.458333333333333,4.8999999999999995,10,-0.8660254037844386,0.5000000000000001,4.0,5.2
2014-11,4,4.575,5.2,2014-11-01,2.0,4.4,4.4,4.0,4.525,5.0,4.0,4.475,5.4,2.6666666666666665,4.508333333333333,4.8,3.3333333333333335,4.4750000000000005,4.866666666666667,11,-0.5000000000000004,0.8660254037844384,3.0,4.5
2014-12,3,4.3,4.5,2014-12-01,4.0,4.575,5.2,2.0,4.55,4.8,5.0,4.3,4.8,3.0,4.425,4.7,3.0,4.4750000000000005,4.816666666666666,12,-2.4492935982947064e-16,1.0,5.0,5.1
2015-01,5,4.58,5.1,2015-01-01,3.0,4.3,4.5,2.0,4.4,4.4,3.0,4.5,5.0,4.0,4.485,4.933333333333333,3.3333333333333335,4.488333333333333,4.833333333333333,1,0.49999999999999994,0.8660254037844387,2.0,4.7
2015-02,2,4.5,4.7,2015-02-01,5.0,4.58,5.1,4.0,4.575,5.2,4.0,4.525,5.0,3.3333333333333335,4.46,4.766666666666667,3.0,4.484166666666667,4.783333333333333,2,0.8660254037844386,0.5000000000000001,1.0,4.8
2015-03,1,4.8,4.8,2015-03-01,2.0,4.5,4.7,3.0,4.3,4.5,2.0,4.55,4.8,2.6666666666666665,4.626666666666666,4.866666666666666,2.8333333333333335,4.525833333333334,4.783333333333333,3,1.0,6.123233995736766e-17,1.0,4.2
2015-04,1,4.2,4.2,2015-04-01,1.0,4.8,4.8,5.0,4.58,5.1,2.0,4.4,4.4,1.3333333333333333,4.5,4.566666666666666,2.6666666666666665,4.492500000000001,4.75,4,0.8660254037844387,-0.4999999999999998,1.0,4.3
2015-05,1,4.3,4.3,2015-05-01,1.0,4.2,4.2,2.0,4.5,4.7,4.0,4.575,5.2,1.0,4.433333333333334,4.433333333333334,2.1666666666666665,4.446666666666666,4.6,5,0.49999999999999994,-0.8660254037844387,5.0,4.5
2015-06,5,4.24,4.5,2015-06-01,1.0,4.3,4.3,1.0,4.8,4.8,3.0,4.3,4.5,2.3333333333333335,4.246666666666666,4.333333333333333,2.5,4.4366666666666665,4.6000000000000005,6,1.2246467991473532e-16,-1.0,3.0,4.6
2015-07,3,4.333333333333333,4.6,2015-07-01,5.0,4.24,4.5,1.0,4.2,4.2,5.0,4.58,5.1,3.0,4.291111111111111,4.466666666666667,2.1666666666666665,4.395555555555556,4.516666666666667,7,-0.4999999999999997,-0.8660254037844388,3.0,4.5
2015-08,3,4.266666666666667,4.5,2015-08-01,3.0,4.333333333333333,4.6,1.0,4.3,4.3,2.0,4.5,4.7,3.6666666666666665,4.28,4.533333333333333,2.3333333333333335,4.3566666666666665,4.483333333333333,8,-0.8660254037844384,-0.5000000000000004,6.0,4.5
2015-09,6,4.333333333333333,4.5,2015-09-01,3.0,4.266666666666667,4.5,5.0,4.24,4.5,1.0,4.8,4.8,4.0,4.311111111111111,4.533333333333333,3.1666666666666665,4.278888888888889,4.433333333333334,9,-1.0,-1.8369701987210297e-16,2.0,4.5
2015-10,2,4.45,4.5,2015-10-01,6.0,4.333333333333333,4.5,3.0,4.333333333333333,4.6,1.0,4.2,4.2,3.6666666666666665,4.3500000000000005,4.5,3.3333333333333335,4.320555555555555,4.483333333333333,10,-0.8660254037844386,0.5000000000000001,12.0,5.6
2015-11,12,4.483333333333333,5.6,2015-11-01,2.0,4.45,4.5,3.0,4.266666666666667,4.5,1.0,4.3,4.3,6.666666666666667,4.4222222222222225,4.866666666666666,5.166666666666667,4.351111111111111,4.7,11,-0.5000000000000004,0.8660254037844384,8.0,5.5
2015-12,8,4.575,5.5,2015-12-01,12.0,4.483333333333333,5.6,6.0,4.333333333333333,4.5,5.0,4.24,4.5,7.333333333333333,4.502777777777777,5.2,5.666666666666667,4.406944444444444,4.866666666666666,12,-2.4492935982947064e-16,1.0,3.0,4.5
2016-01,3,4.366666666666666,4.5,2016-01-01,8.0,4.575,5.5,2.0,4.45,4.5,3.0,4.333333333333333,4.6,7.666666666666667,4.4750000000000005,5.2,5.666666666666667,4.4125000000000005,4.8500000000000005,1,0.49999999999999994,0.8660254037844387,7.0,4.8
2016-02,7,4.5,4.8,2016-02-01,3.0,4.366666666666666,4.5,12.0,4.483333333333333,5.6,3.0,4.266666666666667,4.5,6.0,4.480555555555555,4.933333333333334,6.333333333333333,4.451388888888888,4.9,2,0.8660254037844386,0.5000000000000001,1.0,4.1
2016-03,1,4.1,4.1,2016-03-01,7.0,4.5,4.8,8.0,4.575,5.5,6.0,4.333333333333333,4.5,3.6666666666666665,4.322222222222222,4.466666666666666,5.5,4.4125000000000005,4.833333333333333,3,1.0,6.123233995736766e-17,3.0,4.7
2016-04,3,4.566666666666666,4.7,2016-04-01,1.0,4.1,4.1,3.0,4.366666666666666,4.5,2.0,4.45,4.5,3.6666666666666665,4.388888888888888,4.533333333333333,5.666666666666667,4.4319444444444445,4.866666666666667,4,0.8660254037844387,-0.4999999999999998,5.0,4.6
2016-05,5,4.319999999999999,4.6,2016-05-01,3.0,4.566666666666666,4.7,7.0,4.5,4.8,12.0,4.483333333333333,5.6,3.0,4.328888888888888,4.466666666666667,4.5,4.4047222222222215,4.7,5,0.49999999999999994,-0.8660254037844387,48.0,6.4
2016-06,48,4.479166666666667,6.4,2016-06-01,5.0,4.319999999999999,4.6,1.0,4.1,4.1,8.0,4.575,5.5,18.666666666666668,4.455277777777778,5.233333333333333,11.166666666666666,4.38875,4.8500000000000005,6,1.2246467991473532e-16,-1.0,11.0,5.1
2016-07,11,4.5636363636363635,5.1,2016-07-01,48.0,4.479166666666667,6.4,3.0,4.566666666666666,4.7,3.0,4.366666666666666,4.5,21.333333333333332,4.454267676767677,5.366666666666667,12.5,4.421578282828283,4.95,7,-0.4999999999999997,-0.8660254037844388,8.0,5.2
2016-08,8,4.45,5.2,2016-08-01,11.0,4.5636363636363635,5.1,5.0,4.319999999999999,4.6,7.0,4.5,4.8,22.333333333333332,4.49760101010101,5.566666666666666,12.666666666666666,4.413244949494949,5.016666666666667,8,-0.8660254037844384,-0.5000000000000004,1.0,4.2
2016-10,1,4.2,4.2,2016-10-01,8.0,4.45,5.2,48.0,4.479166666666667,6.4,1.0,4.1,4.1,6.666666666666667,4.404545454545455,4.833333333333333,12.666666666666666,4.429911616161616,5.033333333333334,10,-0.8660254037844386,0.5000000000000001,24.0,6.6
2016-11,24,4.570833333333334,6.6,2016-11-01,1.0,4.2,4.2,11.0,4.5636363636363635,5.1,3.0,4.566666666666666,4.7,11.0,4.406944444444445,5.333333333333333,16.166666666666668,4.430606060606061,5.349999999999999,11,-0.5000000000000004,0.8660254037844384,14.0,4.9
2016-12,14,4.45,4.9,2016-12-01,24.0,4.570833333333334,6.6,8.0,4.45,5.2,5.0,4.319999999999999,4.6,13.0,4.406944444444445,5.233333333333333,17.666666666666668,4.452272727272727,5.3999999999999995,12,-2.4492935982947064e-16,1.0,6.0,4.6
2017-01,6,4.466666666666667,4.6,2017-01-01,14.0,4.45,4.9,1.0,4.2,4.2,48.0,4.479166666666667,6.4,14.666666666666666,4.495833333333334,5.366666666666667,10.666666666666666,4.450189393939394,5.1000000000000005,1,0.49999999999999994,0.8660254037844387,3.0,4.5
2017-02,3,4.266666666666667,4.5,2017-02-01,6.0,4.466666666666667,4.6,24.0,4.570833333333334,6.6,11.0,4.5636363636363635,5.1,7.666666666666667,4.394444444444445,4.666666666666667,9.333333333333334,4.4006944444444445,5.0,2,0.8660254037844386,0.5000000000000001,2.0,4.6
2017-03,2,4.449999999999999,4.6,2017-03-01,3.0,4.266666666666667,4.5,14.0,4.45,4.9,8.0,4.45,5.2,3.6666666666666665,4.394444444444445,4.566666666666666,8.333333333333334,4.4006944444444445,4.8999999999999995,3,1.0,6.123233995736766e-17,4.0,4.5
2017-04,4,4.35,4.5,2017-04-01,2.0,4.449999999999999,4.6,6.0,4.466666666666667,4.6,1.0,4.2,4.2,3.0,4.355555555555555,4.533333333333333,8.833333333333334,4.425694444444445,4.949999999999999,4,0.8660254037844387,-0.4999999999999998,2.0,4.9
2017-05,2,4.7,4.9,2017-05-01,4.0,4.35,4.5,3.0,4.266666666666667,4.5,24.0,4.570833333333334,6.6,2.6666666666666665,4.5,4.666666666666667,5.166666666666667,4.447222222222222,4.666666666666667,5,0.49999999999999994,-0.8660254037844387,4.0,4.2
2017-06,4,4.1,4.2,2017-06-01,2.0,4.7,4.9,2.0,4.449999999999999,4.6,14.0,4.45,4.9,3.3333333333333335,4.383333333333333,4.533333333333334,3.5,4.388888888888888,4.55,6,1.2246467991473532e-16,-1.0,1.0,4.2
2017-07,1,4.2,4.2,2017-07-01,4.0,4.1,4.2,4.0,4.35,4.5,6.0,4.466666666666667,4.6,2.3333333333333335,4.333333333333333,4.433333333333334,2.6666666666666665,4.344444444444444,4.483333333333333,7,-0.4999999999999997,-0.8660254037844388,1.0,4.5
2017-09,1,4.5,4.5,2017-09-01,1.0,4.2,4.2,2.0,4.7,4.9,3.0,4.266666666666667,4.5,2.0,4.266666666666667,4.3,2.3333333333333335,4.383333333333333,4.483333333333333,9,-1.0,-1.8369701987210297e-16,1.0,4.9
2017-11,1,4.9,4.9,2017-11-01,1.0,4.5,4.5,4.0,4.1,4.2,2.0,4.449999999999999,4.6,1.0,4.533333333333333,4.533333333333333,2.1666666666666665,4.458333333333333,4.533333333333333,11,-0.5000000000000004,0.8660254037844384,3.0,4.6
2018-01,3,4.433333333333334,4.6,2018-01-01,1.0,4.9,4.9,1.0,4.2,4.2,4.0,4.35,4.5,1.6666666666666667,4.611111111111112,4.666666666666667,2.0,4.472222222222222,4.550000000000001,1,0.49999999999999994,0.8660254037844387,3.0,4.2
2018-02,3,4.033333333333333,4.2,2018-02-01,3.0,4.433333333333334,4.6,1.0,4.5,4.5,2.0,4.7,4.9,2.3333333333333335,4.455555555555556,4.566666666666666,2.1666666666666665,4.361111111111111,4.433333333333334,2,0.8660254037844386,0.5000000000000001,5.0,4.8
2018-03,5,4.5,4.8,2018-03-01,3.0,4.033333333333333,4.2,1.0,4.9,4.9,4.0,4.1,4.2,3.6666666666666665,4.322222222222222,4.533333333333333,2.3333333333333335,4.427777777777778,4.533333333333334,3,1.0,6.123233995736766e-17,5.0,5.0
2018-04,5,4.7,5.0,2018-04-01,5.0,4.5,4.8,3.0,4.433333333333334,4.6,1.0,4.2,4.2,4.333333333333333,4.411111111111111,4.666666666666667,3.0,4.511111111111111,4.666666666666667,4,0.8660254037844387,-0.4999999999999998,4.0,4.6
2018-05,4,4.45,4.6,2018-05-01,5.0,4.7,5.0,3.0,4.033333333333333,4.2,1.0,4.5,4.5,4.666666666666667,4.55,4.8,3.5,4.502777777777778,4.683333333333333,5,0.49999999999999994,-0.8660254037844387,1.0,4.3
2018-06,1,4.3,4.3,2018-06-01,4.0,4.45,4.6,5.0,4.5,4.8,1.0,4.9,4.9,3.3333333333333335,4.483333333333333,4.633333333333333,3.5,4.402777777777778,4.583333333333333,6,1.2246467991473532e-16,-1.0,2.0,4.7
2018-07,2,4.25,4.7,2018-07-01,1.0,4.3,4.3,5.0,4.7,5.0,3.0,4.433333333333334,4.6,2.3333333333333335,4.333333333333333,4.533333333333333,3.3333333333333335,4.372222222222223,4.6,7,-0.4999999999999997,-0.8660254037844388,6.0,4.7
2018-08,6,4.3999999999999995,4.7,2018-08-01,2.0,4.25,4.7,4.0,4.45,4.6,3.0,4.033333333333333,4.2,3.0,4.316666666666666,4.566666666666666,3.8333333333333335,4.433333333333334,4.683333333333333,8,-0.8660254037844384,-0.5000000000000004,4.0,5.5
2018-09,4,4.725,5.5,2018-09-01,6.0,4.3999999999999995,4.7,1.0,4.3,4.3,5.0,4.5,4.8,4.0,4.458333333333333,4.966666666666666,3.6666666666666665,4.470833333333334,4.8,9,-1.0,-1.8369701987210297e-16,10.0,5.2
2018-10,10,4.6899999999999995,5.2,2018-10-01,4.0,4.725,5.5,2.0,4.25,4.7,5.0,4.7,5.0,6.666666666666667,4.6049999999999995,5.133333333333334,4.5,4.469166666666666,4.833333333333333,10,-0.8660254037844386,0.5000000000000001,7.0,5.0
2018-11,7,4.485714285714286,5.0,2018-11-01,10.0,4.6899999999999995,5.2,6.0,4.3999999999999995,4.7,4.0,4.45,4.6,7.0,4.633571428571428,5.233333333333333,5.0,4.475119047619047,4.8999999999999995,11,-0.5000000000000004,0.8660254037844384,6.0,5.0
2018-12,6,4.616666666666666,5.0,2018-12-01,7.0,4.485714285714286,5.0,4.0,4.725,5.5,1.0,4.3,4.3,7.666666666666667,4.5974603174603175,5.066666666666666,5.833333333333333,4.527896825396825,5.016666666666667,12,-2.4492935982947064e-16,1.0,6.0,5.3
2019-01,6,4.716666666666667,5.3,2019-01-01,6.0,4.616666666666666,5.0,10.0,4.6899999999999995,5.2,2.0,4.25,4.7,6.333333333333333,4.606349206349207,5.1000000000000005,6.5,4.605674603174603,5.116666666666666,1,0.49999999999999994,0.8660254037844387,2.0,4.5
2019-04,2,4.25,4.5,2019-04-01,6.0,4.716666666666667,5.3,7.0,4.485714285714286,5.0,6.0,4.3999999999999995,4.7,4.666666666666667,4.527777777777778,4.933333333333334,5.833333333333333,4.580674603174603,5.083333333333333,4,0.8660254037844387,-0.4999999999999998,4.0,4.6
2019-05,4,4.45,4.6,2019-05-01,2.0,4.25,4.5,6.0,4.616666666666666,5.0,4.0,4.725,5.5,4.0,4.472222222222222,4.8,5.833333333333333,4.53484126984127,4.933333333333334,5,0.49999999999999994,-0.8660254037844387,1.0,4.6
2019-06,1,4.6,4.6,2019-06-01,4.0,4.45,4.6,6.0,4.716666666666667,5.3,10.0,4.6899999999999995,5.2,2.3333333333333335,4.433333333333333,4.566666666666666,4.333333333333333,4.51984126984127,4.833333333333333,6,1.2246467991473532e-16,-1.0,1.0,4.6
2019-07,1,4.6,4.6,2019-07-01,1.0,4.6,4.6,2.0,4.25,4.5,7.0,4.485714285714286,5.0,2.0,4.55,4.6,3.3333333333333335,4.538888888888889,4.766666666666667,7,-0.4999999999999997,-0.8660254037844388,4.0,4.6
2019-08,4,4.45,4.6,2019-08-01,1.0,4.6,4.6,4.0,4.45,4.6,6.0,4.616666666666666,5.0,2.0,4.55,4.6,3.0,4.511111111111111,4.7,8,-0.8660254037844384,-0.5000000000000004,3.0,4.5
2019-09,3,4.0,4.5,2019-09-01,4.0,4.45,4.6,1.0,4.6,4.6,6.0,4.716666666666667,5.3,2.6666666666666665,4.3500000000000005,4.566666666666666,2.5,4.391666666666667,4.566666666666666,9,-1.0,-1.8369701987210297e-16,4.0,4.7
2019-10,4,4.375,4.7,2019-10-01,3.0,4.0,4.5,1.0,4.6,4.6,2.0,4.25,4.5,3.6666666666666665,4.2749999999999995,4.6000000000000005,2.8333333333333335,4.4125,4.6000000000000005,10,-0.8660254037844386,0.5000000000000001,7.0,4.8
2019-12,7,4.542857142857143,4.8,2019-12-01,4.0,4.375,4.7,4.0,4.45,4.6,4.0,4.45,4.6,4.666666666666667,4.305952380952381,4.666666666666667,3.3333333333333335,4.4279761904761905,4.633333333333333,12,-2.4492935982947064e-16,1.0,17.0,6.0
2020-01,17,4.676470588235294,6.0,2020-01-01,7.0,4.542857142857143,4.8,3.0,4.0,4.5,1.0,4.6,4.6,9.333333333333334,4.531442577030813,5.166666666666667,6.0,4.440721288515406,4.866666666666666,1,0.49999999999999994,0.8660254037844387,4.0,5.1
2020-02,4,4.8,5.1,2020-02-01,17.0,4.676470588235294,6.0,4.0,4.375,4.7,1.0,4.6,4.6,9.333333333333334,4.673109243697479,5.3,6.5,4.474054621848739,4.95,2,0.8660254037844386,0.5000000000000001,4.0,5.1
2020-03,4,4.6,5.1,2020-03-01,4.0,4.8,5.1,7.0,4.542857142857143,4.8,4.0,4.45,4.6,8.333333333333334,4.692156862745097,5.3999999999999995,6.5,4.49905462184874,5.033333333333333,3,1.0,6.123233995736766e-17,6.0,4.6
2020-04,6,4.3,4.6,2020-04-01,4.0,4.6,5.1,17.0,4.676470588235294,6.0,3.0,4.0,4.5,4.666666666666667,4.566666666666666,4.933333333333333,7.0,4.5490546218487395,5.05,4,0.8660254037844387,-0.4999999999999998,9.0,5.3
2020-05,9,4.6,5.3,2020-05-01,6.0,4.3,4.6,4.0,4.8,5.1,4.0,4.375,4.7,6.333333333333333,4.499999999999999,5.0,7.833333333333333,4.58655462184874,5.1499999999999995,5,0.49999999999999994,-0.8660254037844387,6.0,4.6
2020-06,6,4.3,4.6,2020-06-01,9.0,4.6,5.3,4.0,4.6,5.1,7.0,4.542857142857143,4.8,7.0,4.3999999999999995,4.833333333333333,7.666666666666667,4.546078431372549,5.116666666666666,6,1.2246467991473532e-16,-1.0,4.0,4.5
2020-07,4,4.425,4.5,2020-07-01,6.0,4.3,4.6,6.0,4.3,4.6,17.0,4.676470588235294,6.0,6.333333333333333,4.441666666666666,4.8,5.5,4.504166666666666,4.866666666666666,7,-0.4999999999999997,-0.8660254037844388,4.0,4.6
2020-08,4,4.425,4.6,2020-08-01,4.0,4.425,4.5,9.0,4.6,5.3,4.0,4.8,5.1,4.666666666666667,4.383333333333333,4.566666666666666,5.5,4.441666666666666,4.783333333333332,8,-0.8660254037844384,-0.5000000000000004,4.0,4.7
2020-09,4,4.4,4.7,2020-09-01,4.0,4.425,4.6,6.0,4.3,4.6,4.0,4.6,5.1,4.0,4.416666666666667,4.6000000000000005,5.5,4.408333333333333,4.716666666666667,9,-1.0,-1.8369701987210297e-16,6.0,4.8
2020-10,6,4.533333333333333,4.8,2020-10-01,4.0,4.4,4.7,4.0,4.425,4.5,6.0,4.3,4.6,4.666666666666667,4.452777777777778,4.7,5.5,4.447222222222222,4.75,10,-0.8660254037844386,0.5000000000000001,4.0,4.6
2020-11,4,4.375,4.6,2020-11-01,6.0,4.533333333333333,4.8,4.0,4.425,4.6,9.0,4.6,5.3,4.666666666666667,4.436111111111111,4.7,4.666666666666667,4.409722222222222,4.633333333333334,11,-0.5000000000000004,0.8660254037844384,1.0,4.4
2020-12,1,4.4,4.4,2020-12-01,4.0,4.375,4.6,4.0,4.4,4.7,6.0,4.3,4.6,3.6666666666666665,4.436111111111111,4.6,3.8333333333333335,4.426388888888889,4.6000000000000005,12,-2.4492935982947064e-16,1.0,6.0,5.0
2021-01,6,4.466666666666667,5.0,2021-01-01,1.0,4.4,4.4,6.0,4.533333333333333,4.8,4.0,4.425,4.5,3.6666666666666665,4.413888888888889,4.666666666666667,4.166666666666667,4.433333333333334,4.683333333333334,1,0.49999999999999994,0.8660254037844387,2.0,4.5
2021-02,2,4.4,4.5,2021-02-01,6.0,4.466666666666667,5.0,4.0,4.375,4.6,4.0,4.425,4.6,3.0,4.422222222222222,4.633333333333334,3.8333333333333335,4.429166666666666,4.666666666666667,2,0.8660254037844386,0.5000000000000001,5.0,5.3
2021-03,5,4.6,5.3,2021-03-01,2.0,4.4,4.5,1.0,4.4,4.4,4.0,4.4,4.7,4.333333333333333,4.48888888888889,4.933333333333334,4.0,4.4625,4.766666666666667,3,1.0,6.123233995736766e-17,1.0,4.6
2021-04,1,4.6,4.6,2021-04-01,5.0,4.6,5.3,6.0,4.466666666666667,5.0,6.0,4.533333333333333,4.8,2.6666666666666665,4.533333333333332,4.8,3.1666666666666665,4.4736111111111105,4.733333333333333,4,0.8660254037844387,-0.4999999999999998,1.0,4.4
2021-05,1,4.4,4.4,2021-05-01,1.0,4.6,4.6,2.0,4.4,4.5,4.0,4.375,4.6,2.3333333333333335,4.533333333333334,4.766666666666667,2.6666666666666665,4.477777777777778,4.7,5,0.49999999999999994,-0.8660254037844387,3.0,4.4
2021-06,3,4.4,4.4,2021-06-01,1.0,4.4,4.4,5.0,4.6,5.3,1.0,4.4,4.4,1.6666666666666667,4.466666666666666,4.466666666666666,3.0,4.477777777777778,4.7,6,1.2246467991473532e-16,-1.0,5.0,4.8
2021-07,5,4.5600000000000005,4.8,2021-07-01,3.0,4.4,4.4,1.0,4.6,4.6,6.0,4.466666666666667,5.0,3.0,4.453333333333334,4.533333333333334,2.8333333333333335,4.493333333333333,4.666666666666667,7,-0.4999999999999997,-0.8660254037844388,2.0,4.7
2021-08,2,4.45,4.7,2021-08-01,5.0,4.5600000000000005,4.8,1.0,4.4,4.4,2.0,4.4,4.5,3.3333333333333335,4.47,4.633333333333333,2.8333333333333335,4.501666666666667,4.7,8,-0.8660254037844384,-0.5000000000000004,5.0,4.6
2021-09,5,4.42,4.6,2021-09-01,2.0,4.45,4.7,3.0,4.4,4.4,5.0,4.6,5.3,4.0,4.4766666666666675,4.7,2.8333333333333335,4.471666666666667,4.583333333333333,9,-1.0,-1.8369701987210297e-16,3.0,4.6
2021-11,3,4.3,4.6,2021-11-01,5.0,4.42,4.6,5.0,4.5600000000000005,4.8,1.0,4.6,4.6,3.3333333333333335,4.390000000000001,4.633333333333333,3.1666666666666665,4.421666666666667,4.583333333333333,11,-0.5000000000000004,0.8660254037844384,1.0,4.3
2021-12,1,4.3,4.3,2021-12-01,3.0,4.3,4.6,2.0,4.45,4.7,1.0,4.4,4.4,3.0,4.34,4.5,3.1666666666666665,4.405,4.566666666666666,12,-2.4492935982947064e-16,1.0,3.0,4.9
2022-01,3,4.566666666666667,4.9,2022-01-01,1.0,4.3,4.3,5.0,4.42,4.6,3.0,4.4,4.4,2.3333333333333335,4.388888888888889,4.6,3.1666666666666665,4.432777777777778,4.6499999999999995,1,0.49999999999999994,0.8660254037844387,3.0,4.4
2022-02,3,4.366666666666667,4.4,2022-02-01,3.0,4.566666666666667,4.9,3.0,4.3,4.6,5.0,4.5600000000000005,4.8,2.3333333333333335,4.411111111111111,4.533333333333333,2.8333333333333335,4.400555555555555,4.583333333333333,2,0.8660254037844386,0.5000000000000001,1.0,4.2
2022-03,1,4.2,4.2,2022-03-01,3.0,4.366666666666667,4.4,1.0,4.3,4.3,2.0,4.45,4.7,2.3333333333333335,4.377777777777778,4.5,2.6666666666666665,4.358888888888889,4.5,3,1.0,6.123233995736766e-17,2.0,4.5
2022-05,2,4.3,4.5,2022-05-01,1.0,4.2,4.2,3.0,4.566666666666667,4.9,5.0,4.42,4.6,2.0,4.288888888888889,4.366666666666667,2.1666666666666665,4.338888888888889,4.483333333333333,5,0.49999999999999994,-0.8660254037844387,8.0,4.4
2022-06,8,4.25,4.4,2022-06-01,2.0,4.3,4.5,3.0,4.366666666666667,4.4,3.0,4.3,4.6,3.6666666666666665,4.25,4.366666666666667,3.0,4.330555555555556,4.45,6,1.2246467991473532e-16,-1.0,10.0,5.0
2022-07,10,4.43,5.0,2022-07-01,8.0,4.25,4.4,1.0,4.2,4.2,1.0,4.3,4.3,6.666666666666667,4.326666666666667,4.633333333333334,4.5,4.352222222222222,4.566666666666666,7,-0.4999999999999997,-0.8660254037844388,9.0,4.5
2022-08,9,4.300000000000001,4.5,2022-08-01,10.0,4.43,5.0,2.0,4.3,4.5,3.0,4.566666666666667,4.9,9.0,4.326666666666667,4.633333333333334,5.5,4.307777777777778,4.5,8,-0.8660254037844384,-0.5000000000000004,4.0,4.4
2022-09,4,4.2,4.4,2022-09-01,9.0,4.300000000000001,4.5,8.0,4.25,4.4,3.0,4.366666666666667,4.4,7.666666666666667,4.31,4.633333333333333,5.666666666666667,4.28,4.500000000000001,9,-1.0,-1.8369701987210297e-16,3.0,4.9
2022-10,3,4.3999999999999995,4.9,2022-10-01,4.0,4.2,4.4,10.0,4.43,5.0,1.0,4.2,4.2,5.333333333333333,4.3,4.6000000000000005,6.0,4.3133333333333335,4.616666666666666,10,-0.8660254037844386,0.5000000000000001,6.0,4.9
2022-11,6,4.533333333333333,4.9,2022-11-01,3.0,4.3999999999999995,4.9,9.0,4.300000000000001,4.5,2.0,4.3,4.5,4.333333333333333,4.377777777777777,4.733333333333333,6.666666666666667,4.352222222222222,4.683333333333334,11,-0.5000000000000004,0.8660254037844384,5.0,5.1
2022-12,5,4.4799999999999995,5.1,2022-12-01,6.0,4.533333333333333,4.9,4.0,4.2,4.4,8.0,4.25,4.4,4.666666666666667,4.471111111111111,4.966666666666668,6.166666666666667,4.390555555555555,4.8,12,-2.4492935982947064e-16,1.0,7.0,4.6
2023-01,7,4.328571428571428,4.6,2023-01-01,5.0,4.4799999999999995,5.1,3.0,4.3999999999999995,4.9,10.0,4.43,5.0,6.0,4.447301587301587,4.866666666666666,5.666666666666667,4.373650793650794,4.733333333333333,1,0.49999999999999994,0.8660254037844387,5.0,5.1
2023-02,5,4.5200000000000005,5.1,2023-02-01,7.0,4.328571428571428,4.6,6.0,4.533333333333333,4.9,9.0,4.300000000000001,4.5,5.666666666666667,4.442857142857143,4.933333333333334,5.0,4.410317460317461,4.833333333333333,2,0.8660254037844386,0.5000000000000001,1.0,4.2
2023-03,1,4.2,4.2,2023-03-01,5.0,4.5200000000000005,5.1,5.0,4.4799999999999995,5.1,4.0,4.2,4.4,4.333333333333333,4.349523809523809,4.633333333333333,4.5,4.41031746031746,4.8,3,1.0,6.123233995736766e-17,1.0,4.3
2023-04,1,4.3,4.3,2023-04-01,1.0,4.2,4.2,7.0,4.328571428571428,4.6,3.0,4.3999999999999995,4.9,2.3333333333333335,4.34,4.533333333333334,4.166666666666667,4.393650793650793,4.7,4,0.8660254037844387,-0.4999999999999998,1.0,4.1
2023-09,1,4.1,4.1,2023-09-01,1.0,4.3,4.3,5.0,4.5200000000000005,5.1,6.0,4.533333333333333,4.9,1.0,4.2,4.199999999999999,3.3333333333333335,4.321428571428572,4.566666666666666,9,-1.0,-1.8369701987210297e-16,98.0,7.0
